,ORG_CODE,,ORG_DESC,,ORG_SHORT,,PARENT,,ORG_LEVEL,
"INSERT INTO CHK_ORG (ORG_ID,ORG_DESC,ORG_SHORT,PARENT_CODE,ORG_LEVEL) VALUES (",00000002,AA,บริษัท กสท โทรคมนาคม จำกัด(มหาชน),BB,กสท,CC,00000001,DD,00,)
"INSERT INTO CHK_ORG (ORG_ID,ORG_DESC,ORG_SHORT,PARENT_CODE,ORG_LEVEL) VALUES (",00000004,AA,หน่วยงานสายงานอำนวยการ,BB,อ,CC,00000002,DD,10,)
"INSERT INTO CHK_ORG (ORG_ID,ORG_DESC,ORG_SHORT,PARENT_CODE,ORG_LEVEL) VALUES (",00000005,AA,สำนักตรวจสอบภายใน,BB,ตส.,CC,02000676,DD,41,)
"INSERT INTO CHK_ORG (ORG_ID,ORG_DESC,ORG_SHORT,PARENT_CODE,ORG_LEVEL) VALUES (",00000006,AA,หน่วยงานสายงานกลยุทธ์องค์กร,BB,ก,CC,00000002,DD,10,)
"INSERT INTO CHK_ORG (ORG_ID,ORG_DESC,ORG_SHORT,PARENT_CODE,ORG_LEVEL) VALUES (",00000007,AA,หน่วยงานสายงานโครงข่าย,BB,ข,CC,00000002,DD,10,)
"INSERT INTO CHK_ORG (ORG_ID,ORG_DESC,ORG_SHORT,PARENT_CODE,ORG_LEVEL) VALUES (",00000010,AA,หน่วยงานสายงานสื่อสารไร้สาย,BB,ร,CC,00000002,DD,10,)
"INSERT INTO CHK_ORG (ORG_ID,ORG_DESC,ORG_SHORT,PARENT_CODE,ORG_LEVEL) VALUES (",00000011,AA,หน่วยงานสายงานการตลาดและการขาย,BB,ต,CC,00000002,DD,10,)
"INSERT INTO CHK_ORG (ORG_ID,ORG_DESC,ORG_SHORT,PARENT_CODE,ORG_LEVEL) VALUES (",00000013,AA,หน่วยงานสายงานกฎหมายและร่วมการงาน,BB,ม,CC,00000002,DD,10,)
"INSERT INTO CHK_ORG (ORG_ID,ORG_DESC,ORG_SHORT,PARENT_CODE,ORG_LEVEL) VALUES (",00000014,AA,หน่วยงานสายงานการเงิน,BB,ง,CC,00000002,DD,10,)
"INSERT INTO CHK_ORG (ORG_ID,ORG_DESC,ORG_SHORT,PARENT_CODE,ORG_LEVEL) VALUES (",00000015,AA,หน่วยงานสายงานทรัพยากรบุคคล,BB,บ,CC,00000002,DD,10,)
"INSERT INTO CHK_ORG (ORG_ID,ORG_DESC,ORG_SHORT,PARENT_CODE,ORG_LEVEL) VALUES (",00000016,AA,หน่วยงานสายงานเทคโนโลยีสารสนเทศ,BB,ท,CC,00000002,DD,10,)
"INSERT INTO CHK_ORG (ORG_ID,ORG_DESC,ORG_SHORT,PARENT_CODE,ORG_LEVEL) VALUES (",00000017,AA,ฝ่ายคณะกรรมการบริษัท,BB,กอ.,CC,00000004,DD,41,)
"INSERT INTO CHK_ORG (ORG_ID,ORG_DESC,ORG_SHORT,PARENT_CODE,ORG_LEVEL) VALUES (",00000018,AA,กลุ่มอำนวยการ,BB,ออ,CC,00000004,DD,20,)
"INSERT INTO CHK_ORG (ORG_ID,ORG_DESC,ORG_SHORT,PARENT_CODE,ORG_LEVEL) VALUES (",00000019,AA,ส่วนเลขานุการ,BB,ญอ.,CC,00000098,DD,60,)
"INSERT INTO CHK_ORG (ORG_ID,ORG_DESC,ORG_SHORT,PARENT_CODE,ORG_LEVEL) VALUES (",00000020,AA,ส่วนระบบข้อมูลและสารสนเทศ,BB,วร.,CC,00000056,DD,60,)
"INSERT INTO CHK_ORG (ORG_ID,ORG_DESC,ORG_SHORT,PARENT_CODE,ORG_LEVEL) VALUES (",00000026,AA,กลุ่มปฏิบัติการสื่อสารไร้สาย,BB,ปร,CC,00000010,DD,20,)
"INSERT INTO CHK_ORG (ORG_ID,ORG_DESC,ORG_SHORT,PARENT_CODE,ORG_LEVEL) VALUES (",00000027,AA,กลุ่มบริการลูกค้าภาครัฐ,BB,รต,CC,00000011,DD,20,)
"INSERT INTO CHK_ORG (ORG_ID,ORG_DESC,ORG_SHORT,PARENT_CODE,ORG_LEVEL) VALUES (",00000029,AA,กลุ่มบัญชี,BB,บง,CC,00000014,DD,20,)
"INSERT INTO CHK_ORG (ORG_ID,ORG_DESC,ORG_SHORT,PARENT_CODE,ORG_LEVEL) VALUES (",00000031,AA,ฝ่ายบริหารความเสี่ยงและควบคุมภายใน,BB,สก.,CC,50020101,DD,40,)
"INSERT INTO CHK_ORG (ORG_ID,ORG_DESC,ORG_SHORT,PARENT_CODE,ORG_LEVEL) VALUES (",00000032,AA,ฝ่ายกฎหมาย,BB,กม.,CC,50028825,DD,40,)
"INSERT INTO CHK_ORG (ORG_ID,ORG_DESC,ORG_SHORT,PARENT_CODE,ORG_LEVEL) VALUES (",00000033,AA,ฝ่ายคดี,BB,ดม.,CC,50028825,DD,40,)
"INSERT INTO CHK_ORG (ORG_ID,ORG_DESC,ORG_SHORT,PARENT_CODE,ORG_LEVEL) VALUES (",00000034,AA,ฝ่ายวิจัยและพัฒนา,BB,วก.,CC,50020101,DD,40,)
"INSERT INTO CHK_ORG (ORG_ID,ORG_DESC,ORG_SHORT,PARENT_CODE,ORG_LEVEL) VALUES (",00000035,AA,ฝ่ายรัฐกิจสัมพันธ์,BB,รม.,CC,50028825,DD,40,)
"INSERT INTO CHK_ORG (ORG_ID,ORG_DESC,ORG_SHORT,PARENT_CODE,ORG_LEVEL) VALUES (",00000036,AA,ฝ่ายวางแผนกลยุทธ์องค์กร,BB,ผก.,CC,00000006,DD,41,)
"INSERT INTO CHK_ORG (ORG_ID,ORG_DESC,ORG_SHORT,PARENT_CODE,ORG_LEVEL) VALUES (",00000037,AA,ฝ่ายพัฒนาและประเมินผลองค์กร,BB,พก.,CC,50020101,DD,40,)
"INSERT INTO CHK_ORG (ORG_ID,ORG_DESC,ORG_SHORT,PARENT_CODE,ORG_LEVEL) VALUES (",00000039,AA,ฝ่ายควบคุมโครงข่าย,BB,คข.,CC,50020104,DD,40,)
"INSERT INTO CHK_ORG (ORG_ID,ORG_DESC,ORG_SHORT,PARENT_CODE,ORG_LEVEL) VALUES (",00000044,AA,ฝ่ายโครงข่ายระหว่างประเทศ,BB,รข.,CC,50020104,DD,40,)
"INSERT INTO CHK_ORG (ORG_ID,ORG_DESC,ORG_SHORT,PARENT_CODE,ORG_LEVEL) VALUES (",00000045,AA,ฝ่ายโครงข่ายภายในประเทศ,BB,นข.,CC,50020104,DD,40,)
"INSERT INTO CHK_ORG (ORG_ID,ORG_DESC,ORG_SHORT,PARENT_CODE,ORG_LEVEL) VALUES (",00000046,AA,ฝ่ายพัฒนาผลิตภัณฑ์โทรศัพท์,BB,ทต.,CC,50020098,DD,40,)
"INSERT INTO CHK_ORG (ORG_ID,ORG_DESC,ORG_SHORT,PARENT_CODE,ORG_LEVEL) VALUES (",00000048,AA,ฝ่ายบริหารและปฏิบัติการภูมิภาค,BB,บข.,CC,50020121,DD,40,)
"INSERT INTO CHK_ORG (ORG_ID,ORG_DESC,ORG_SHORT,PARENT_CODE,ORG_LEVEL) VALUES (",00000056,AA,ฝ่ายวิศวกรรมสื่อสารไร้สาย,BB,วร.,CC,00000026,DD,40,)
"INSERT INTO CHK_ORG (ORG_ID,ORG_DESC,ORG_SHORT,PARENT_CODE,ORG_LEVEL) VALUES (",00000057,AA,ฝ่ายปฎิบัติการและบำรุงรักษาสื่อสารไร้สาย,BB,ปร.,CC,00000026,DD,40,)
"INSERT INTO CHK_ORG (ORG_ID,ORG_DESC,ORG_SHORT,PARENT_CODE,ORG_LEVEL) VALUES (",00000058,AA,ฝ่ายขายและตลาดสื่อสารไร้สาย,BB,สต.,CC,50020120,DD,40,)
"INSERT INTO CHK_ORG (ORG_ID,ORG_DESC,ORG_SHORT,PARENT_CODE,ORG_LEVEL) VALUES (",00000059,AA,ฝ่ายพัฒนาธุรกิจสื่อสารไร้สาย,BB,ธต.,CC,50020120,DD,40,)
"INSERT INTO CHK_ORG (ORG_ID,ORG_DESC,ORG_SHORT,PARENT_CODE,ORG_LEVEL) VALUES (",00000060,AA,ฝ่ายบริการหน่วยงานภาครัฐ,BB,รต.,CC,00000027,DD,40,)
"INSERT INTO CHK_ORG (ORG_ID,ORG_DESC,ORG_SHORT,PARENT_CODE,ORG_LEVEL) VALUES (",00000061,AA,ฝ่ายขายลูกค้าเอกชน,BB,อต.,CC,50020119,DD,40,)
"INSERT INTO CHK_ORG (ORG_ID,ORG_DESC,ORG_SHORT,PARENT_CODE,ORG_LEVEL) VALUES (",00000064,AA,ฝ่ายประชาสัมพันธ์และสื่อสารองค์กร,BB,ปต.,CC,00000011,DD,41,)
"INSERT INTO CHK_ORG (ORG_ID,ORG_DESC,ORG_SHORT,PARENT_CODE,ORG_LEVEL) VALUES (",00000065,AA,ฝ่ายพัฒนาธุรกิจการตลาดลูกค้ารายย่อย,BB,ยต.,CC,50020120,DD,40,)
"INSERT INTO CHK_ORG (ORG_ID,ORG_DESC,ORG_SHORT,PARENT_CODE,ORG_LEVEL) VALUES (",00000066,AA,ฝ่ายจัดเก็บหนี้ส่วนกลาง,BB,จต.,CC,00000011,DD,41,)
"INSERT INTO CHK_ORG (ORG_ID,ORG_DESC,ORG_SHORT,PARENT_CODE,ORG_LEVEL) VALUES (",00000068,AA,สำนักงานบริการลูกค้า กสท เขตเหนือ,BB,สข.(น),CC,50020121,DD,40,)
"INSERT INTO CHK_ORG (ORG_ID,ORG_DESC,ORG_SHORT,PARENT_CODE,ORG_LEVEL) VALUES (",00000069,AA,สำนักงานบริการลูกค้า กสท ตะวันออกเฉียงเห,BB,สข.(อน),CC,50020121,DD,40,)
"INSERT INTO CHK_ORG (ORG_ID,ORG_DESC,ORG_SHORT,PARENT_CODE,ORG_LEVEL) VALUES (",00000070,AA,สำนักงานบริการลูกค้า กสท เขตกลาง,BB,สข.(ก),CC,50020121,DD,40,)
"INSERT INTO CHK_ORG (ORG_ID,ORG_DESC,ORG_SHORT,PARENT_CODE,ORG_LEVEL) VALUES (",00000071,AA,สำนักงานบริการลูกค้า กสท เขตตะวันออก,BB,สข.(อ),CC,50020121,DD,40,)
"INSERT INTO CHK_ORG (ORG_ID,ORG_DESC,ORG_SHORT,PARENT_CODE,ORG_LEVEL) VALUES (",00000072,AA,สำนักงานบริการลูกค้า กสท เขตตะวันตก,BB,สข.(ตต),CC,50020121,DD,40,)
"INSERT INTO CHK_ORG (ORG_ID,ORG_DESC,ORG_SHORT,PARENT_CODE,ORG_LEVEL) VALUES (",00000073,AA,สำนักงานบริการลูกค้า กสท เขตใต้,BB,สข.(ต),CC,50020121,DD,40,)
"INSERT INTO CHK_ORG (ORG_ID,ORG_DESC,ORG_SHORT,PARENT_CODE,ORG_LEVEL) VALUES (",00000082,AA,ฝ่ายบริหารสัญญาร่วมการงาน,BB,สม.,CC,50020106,DD,40,)
"INSERT INTO CHK_ORG (ORG_ID,ORG_DESC,ORG_SHORT,PARENT_CODE,ORG_LEVEL) VALUES (",00000083,AA,ฝ่ายบริหารทรัพย์สินร่วมการงาน,BB,ทม.,CC,50020106,DD,40,)
"INSERT INTO CHK_ORG (ORG_ID,ORG_DESC,ORG_SHORT,PARENT_CODE,ORG_LEVEL) VALUES (",00000084,AA,ฝ่ายบัญชีการเงิน,BB,ชง.,CC,00000029,DD,40,)
"INSERT INTO CHK_ORG (ORG_ID,ORG_DESC,ORG_SHORT,PARENT_CODE,ORG_LEVEL) VALUES (",00000085,AA,ฝ่ายบัญชีบริหาร,BB,บง.,CC,00000029,DD,40,)
"INSERT INTO CHK_ORG (ORG_ID,ORG_DESC,ORG_SHORT,PARENT_CODE,ORG_LEVEL) VALUES (",00000086,AA,ฝ่ายบัญชีลูกหนี้เจ้าหนี้,BB,ลง.,CC,00000029,DD,40,)
"INSERT INTO CHK_ORG (ORG_ID,ORG_DESC,ORG_SHORT,PARENT_CODE,ORG_LEVEL) VALUES (",00000087,AA,ฝ่ายวางแแผนการเงินและงบประมาณ,BB,วง.,CC,00000014,DD,41,)
"INSERT INTO CHK_ORG (ORG_ID,ORG_DESC,ORG_SHORT,PARENT_CODE,ORG_LEVEL) VALUES (",00000088,AA,ฝ่ายบริหารการเงิน,BB,กง.,CC,00000014,DD,41,)
"INSERT INTO CHK_ORG (ORG_ID,ORG_DESC,ORG_SHORT,PARENT_CODE,ORG_LEVEL) VALUES (",00000089,AA,ฝ่ายพัฒนาสินทรัพย์,BB,สอ.,CC,00000018,DD,40,)
"INSERT INTO CHK_ORG (ORG_ID,ORG_DESC,ORG_SHORT,PARENT_CODE,ORG_LEVEL) VALUES (",00000090,AA,ฝ่ายกลยุทธ์ทรัพยากรบุคคล,BB,กบ.,CC,00000015,DD,41,)
"INSERT INTO CHK_ORG (ORG_ID,ORG_DESC,ORG_SHORT,PARENT_CODE,ORG_LEVEL) VALUES (",00000091,AA,ฝ่ายพัฒนาทรัพยากรบุคคล,BB,พบ.,CC,00000015,DD,41,)
"INSERT INTO CHK_ORG (ORG_ID,ORG_DESC,ORG_SHORT,PARENT_CODE,ORG_LEVEL) VALUES (",00000092,AA,ฝ่ายปฏิบัติการทรัพยากรบุคคล,BB,ปบ.,CC,00000015,DD,41,)
"INSERT INTO CHK_ORG (ORG_ID,ORG_DESC,ORG_SHORT,PARENT_CODE,ORG_LEVEL) VALUES (",00000093,AA,ฝ่ายพัสดุ,BB,พอ.,CC,00000018,DD,40,)
"INSERT INTO CHK_ORG (ORG_ID,ORG_DESC,ORG_SHORT,PARENT_CODE,ORG_LEVEL) VALUES (",00000094,AA,ฝ่ายโยธาและขนส่ง,BB,ยอ.,CC,00000018,DD,40,)
"INSERT INTO CHK_ORG (ORG_ID,ORG_DESC,ORG_SHORT,PARENT_CODE,ORG_LEVEL) VALUES (",00000095,AA,ฝ่ายกลยุทธ์เทคโนโลยีสารสนเทศ,BB,กท.,CC,50020100,DD,40,)
"INSERT INTO CHK_ORG (ORG_ID,ORG_DESC,ORG_SHORT,PARENT_CODE,ORG_LEVEL) VALUES (",00000096,AA,ฝ่ายเทคโนโลยีสารสนเทศเพื่อบริหารองค์กร,BB,อท.,CC,50020100,DD,40,)
"INSERT INTO CHK_ORG (ORG_ID,ORG_DESC,ORG_SHORT,PARENT_CODE,ORG_LEVEL) VALUES (",00000097,AA,ฝ่ายเทคโนโลยีสารสนเทศเพื่อสนับสนุนธุรกิจ,BB,ธท.,CC,50020100,DD,40,)
"INSERT INTO CHK_ORG (ORG_ID,ORG_DESC,ORG_SHORT,PARENT_CODE,ORG_LEVEL) VALUES (",00000098,AA,ฝ่ายกรรมการผู้จัดการใหญ่,BB,ญอ.,CC,00000004,DD,41,)
"INSERT INTO CHK_ORG (ORG_ID,ORG_DESC,ORG_SHORT,PARENT_CODE,ORG_LEVEL) VALUES (",00000099,AA,ศูนย์มาตรฐานความปลอดภัย อาชีวอนามัย และ,BB,ศญ.,CC,02000675,DD,41,)
"INSERT INTO CHK_ORG (ORG_ID,ORG_DESC,ORG_SHORT,PARENT_CODE,ORG_LEVEL) VALUES (",02000027,AA,ส่วนการประชุมคณะกรรมการบริษัท 2,BB,บ.,CC,00000017,DD,60,)
"INSERT INTO CHK_ORG (ORG_ID,ORG_DESC,ORG_SHORT,PARENT_CODE,ORG_LEVEL) VALUES (",02000028,AA,ส่วนการประชุมคณะกรรมการบริษัท 1,BB,บ.,CC,00000017,DD,60,)
"INSERT INTO CHK_ORG (ORG_ID,ORG_DESC,ORG_SHORT,PARENT_CODE,ORG_LEVEL) VALUES (",02000029,AA,ส่วนเลขานุการคณะกรรมการบริษัท,BB,กอ.,CC,00000017,DD,60,)
"INSERT INTO CHK_ORG (ORG_ID,ORG_DESC,ORG_SHORT,PARENT_CODE,ORG_LEVEL) VALUES (",02000030,AA,ส่วนสนับสนุนงานคณะกรรมการบริษัท,BB,กอ.,CC,00000017,DD,60,)
"INSERT INTO CHK_ORG (ORG_ID,ORG_DESC,ORG_SHORT,PARENT_CODE,ORG_LEVEL) VALUES (",02000032,AA,ส่วนธุรการรวมพัสดุ ครุภัณฑ์ งบประมาณและก,BB,ธพบ.2,CC,00000015,DD,60,)
"INSERT INTO CHK_ORG (ORG_ID,ORG_DESC,ORG_SHORT,PARENT_CODE,ORG_LEVEL) VALUES (",02000033,AA,ส่วนสืบสวนสอบสวน,BB,ตส.,CC,00000005,DD,60,)
"INSERT INTO CHK_ORG (ORG_ID,ORG_DESC,ORG_SHORT,PARENT_CODE,ORG_LEVEL) VALUES (",02000034,AA,ส่วนวางแผนและพัฒนาการตรวจสอบ,BB,ตส.,CC,00000005,DD,60,)
"INSERT INTO CHK_ORG (ORG_ID,ORG_DESC,ORG_SHORT,PARENT_CODE,ORG_LEVEL) VALUES (",02000035,AA,ส่วนตรวจสอบบริหาร,BB,ตส.,CC,00000005,DD,60,)
"INSERT INTO CHK_ORG (ORG_ID,ORG_DESC,ORG_SHORT,PARENT_CODE,ORG_LEVEL) VALUES (",02000036,AA,ส่วนตรวจสอบการเงินและบัญชี,BB,ตส.,CC,00000005,DD,60,)
"INSERT INTO CHK_ORG (ORG_ID,ORG_DESC,ORG_SHORT,PARENT_CODE,ORG_LEVEL) VALUES (",02000037,AA,ส่วนตรวจสอบเทคโนโลยีสารสนเทศ,BB,ตส.,CC,00000005,DD,60,)
"INSERT INTO CHK_ORG (ORG_ID,ORG_DESC,ORG_SHORT,PARENT_CODE,ORG_LEVEL) VALUES (",02000038,AA,ส่วนตรวจสอบงานภูมิภาค,BB,ตส.,CC,00000005,DD,60,)
"INSERT INTO CHK_ORG (ORG_ID,ORG_DESC,ORG_SHORT,PARENT_CODE,ORG_LEVEL) VALUES (",02000052,AA,ส่วนติดตามและประเมินผลการบริหารความ,BB,สก.,CC,00000031,DD,60,)
"INSERT INTO CHK_ORG (ORG_ID,ORG_DESC,ORG_SHORT,PARENT_CODE,ORG_LEVEL) VALUES (",02000053,AA,ส่วนกฎหมาย 1,BB,กม.,CC,00000032,DD,60,)
"INSERT INTO CHK_ORG (ORG_ID,ORG_DESC,ORG_SHORT,PARENT_CODE,ORG_LEVEL) VALUES (",02000054,AA,ส่วนกฎหมาย 2,BB,กม.,CC,00000032,DD,60,)
"INSERT INTO CHK_ORG (ORG_ID,ORG_DESC,ORG_SHORT,PARENT_CODE,ORG_LEVEL) VALUES (",02000055,AA,ส่วนกฎหมาย 3,BB,กม.,CC,00000032,DD,60,)
"INSERT INTO CHK_ORG (ORG_ID,ORG_DESC,ORG_SHORT,PARENT_CODE,ORG_LEVEL) VALUES (",02000056,AA,ส่วนกฎหมาย 4,BB,กม.,CC,00000032,DD,60,)
"INSERT INTO CHK_ORG (ORG_ID,ORG_DESC,ORG_SHORT,PARENT_CODE,ORG_LEVEL) VALUES (",02000057,AA,ส่วนสัญญาร่วมการงาน,BB,กม.,CC,00000032,DD,60,)
"INSERT INTO CHK_ORG (ORG_ID,ORG_DESC,ORG_SHORT,PARENT_CODE,ORG_LEVEL) VALUES (",02000058,AA,ส่วนสารบบความและเสมียนทนาย,BB,ดม.,CC,00000033,DD,60,)
"INSERT INTO CHK_ORG (ORG_ID,ORG_DESC,ORG_SHORT,PARENT_CODE,ORG_LEVEL) VALUES (",02000059,AA,ส่วนคดี 1,BB,ดม.,CC,00000033,DD,60,)
"INSERT INTO CHK_ORG (ORG_ID,ORG_DESC,ORG_SHORT,PARENT_CODE,ORG_LEVEL) VALUES (",02000060,AA,ส่วนคดี 2,BB,ดม.,CC,00000033,DD,60,)
"INSERT INTO CHK_ORG (ORG_ID,ORG_DESC,ORG_SHORT,PARENT_CODE,ORG_LEVEL) VALUES (",02000061,AA,ส่วนคดี 3,BB,ดม.,CC,00000033,DD,60,)
"INSERT INTO CHK_ORG (ORG_ID,ORG_DESC,ORG_SHORT,PARENT_CODE,ORG_LEVEL) VALUES (",02000062,AA,ส่วนธุรการรวม,BB,ธรก.,CC,00000006,DD,60,)
"INSERT INTO CHK_ORG (ORG_ID,ORG_DESC,ORG_SHORT,PARENT_CODE,ORG_LEVEL) VALUES (",02000063,AA,ส่วนทุนอุดหนุนผลงานวิจัย,BB,วก.,CC,00000034,DD,60,)
"INSERT INTO CHK_ORG (ORG_ID,ORG_DESC,ORG_SHORT,PARENT_CODE,ORG_LEVEL) VALUES (",02000064,AA,ส่วนบริหารผลงานวิจัย,BB,วก.,CC,00000034,DD,60,)
"INSERT INTO CHK_ORG (ORG_ID,ORG_DESC,ORG_SHORT,PARENT_CODE,ORG_LEVEL) VALUES (",02000065,AA,ส่วนปฏิบัติการวิจัย,BB,วก.,CC,00000034,DD,60,)
"INSERT INTO CHK_ORG (ORG_ID,ORG_DESC,ORG_SHORT,PARENT_CODE,ORG_LEVEL) VALUES (",02000066,AA,ส่วนสนับสนุนงานกฎเกณฑ์กำกับดูแล,BB,รม.,CC,00000035,DD,60,)
"INSERT INTO CHK_ORG (ORG_ID,ORG_DESC,ORG_SHORT,PARENT_CODE,ORG_LEVEL) VALUES (",02000067,AA,ส่วนใบอนุญาต,BB,รม.,CC,00000035,DD,60,)
"INSERT INTO CHK_ORG (ORG_ID,ORG_DESC,ORG_SHORT,PARENT_CODE,ORG_LEVEL) VALUES (",02000068,AA,ส่วนกฎเกณฑ์กำกับดูแล,BB,รม.,CC,00000035,DD,60,)
"INSERT INTO CHK_ORG (ORG_ID,ORG_DESC,ORG_SHORT,PARENT_CODE,ORG_LEVEL) VALUES (",02000069,AA,ส่วนการจัดการทรัพยากรโทรคมนาคม,BB,รม.,CC,00000035,DD,60,)
"INSERT INTO CHK_ORG (ORG_ID,ORG_DESC,ORG_SHORT,PARENT_CODE,ORG_LEVEL) VALUES (",02000070,AA,ส่วนปฏิบัติการสัมพันธ์,BB,รม.,CC,00000035,DD,60,)
"INSERT INTO CHK_ORG (ORG_ID,ORG_DESC,ORG_SHORT,PARENT_CODE,ORG_LEVEL) VALUES (",02000071,AA,ส่วนวิเทศสัมพันธ์,BB,ญอ.,CC,00000098,DD,60,)
"INSERT INTO CHK_ORG (ORG_ID,ORG_DESC,ORG_SHORT,PARENT_CODE,ORG_LEVEL) VALUES (",02000072,AA,ส่วนการเชื่อมต่อโครงข่ายโทรคมนาคม,BB,รม.,CC,00000035,DD,60,)
"INSERT INTO CHK_ORG (ORG_ID,ORG_DESC,ORG_SHORT,PARENT_CODE,ORG_LEVEL) VALUES (",02000082,AA,ส่วนบริหารแผนปฏิบัติการ,BB,ผก.,CC,00000036,DD,60,)
"INSERT INTO CHK_ORG (ORG_ID,ORG_DESC,ORG_SHORT,PARENT_CODE,ORG_LEVEL) VALUES (",02000083,AA,ส่วนนโยบายและยุทธศาสตร์ภาครัฐ,BB,ผก.,CC,00000036,DD,60,)
"INSERT INTO CHK_ORG (ORG_ID,ORG_DESC,ORG_SHORT,PARENT_CODE,ORG_LEVEL) VALUES (",02000084,AA,ส่วนวางแผนกลยุทธ์องค์กร,BB,ผก.,CC,00000036,DD,60,)
"INSERT INTO CHK_ORG (ORG_ID,ORG_DESC,ORG_SHORT,PARENT_CODE,ORG_LEVEL) VALUES (",02000085,AA,ส่วนประเมินผลองค์กร,BB,พก.,CC,00000037,DD,60,)
"INSERT INTO CHK_ORG (ORG_ID,ORG_DESC,ORG_SHORT,PARENT_CODE,ORG_LEVEL) VALUES (",02000086,AA,ส่วนบริหารโครงการลงทุน,BB,ผก.,CC,00000036,DD,60,)
"INSERT INTO CHK_ORG (ORG_ID,ORG_DESC,ORG_SHORT,PARENT_CODE,ORG_LEVEL) VALUES (",02000087,AA,ส่วนบริหารแผนงานลงทุน,BB,ผก.,CC,00000036,DD,60,)
"INSERT INTO CHK_ORG (ORG_ID,ORG_DESC,ORG_SHORT,PARENT_CODE,ORG_LEVEL) VALUES (",02000088,AA,ส่วนพันธมิตรและการเพิ่มประสิทธิภาพ,BB,กบ.,CC,00000090,DD,60,)
"INSERT INTO CHK_ORG (ORG_ID,ORG_DESC,ORG_SHORT,PARENT_CODE,ORG_LEVEL) VALUES (",02000089,AA,ส่วนธุรการรวมพัสดุ ครุภัณฑ์ งบประมาณและก,BB,ธพง.,CC,00000014,DD,60,)
"INSERT INTO CHK_ORG (ORG_ID,ORG_DESC,ORG_SHORT,PARENT_CODE,ORG_LEVEL) VALUES (",02000091,AA,ส่วนวิเคราะห์คุณภาพข้อมูล,BB,มข.,CC,50020114,DD,60,)
"INSERT INTO CHK_ORG (ORG_ID,ORG_DESC,ORG_SHORT,PARENT_CODE,ORG_LEVEL) VALUES (",02000092,AA,ส่วนวิเคราะห์คุณภาพระบบสื่อสัญญาณโทรคมนา,BB,วข.,CC,50020107,DD,60,)
"INSERT INTO CHK_ORG (ORG_ID,ORG_DESC,ORG_SHORT,PARENT_CODE,ORG_LEVEL) VALUES (",02000094,AA,ส่วนธุรการรวมบุคคล สวัสดิการและสารบรรณ,BB,ธบม.,CC,00000013,DD,60,)
"INSERT INTO CHK_ORG (ORG_ID,ORG_DESC,ORG_SHORT,PARENT_CODE,ORG_LEVEL) VALUES (",02000098,AA,ส่วนพัฒนาและปรับปรุงกระบวนการภายใน,BB,พก.,CC,00000037,DD,60,)
"INSERT INTO CHK_ORG (ORG_ID,ORG_DESC,ORG_SHORT,PARENT_CODE,ORG_LEVEL) VALUES (",02000099,AA,ส่วนธุรการรวมพัสดุ ครุภัณฑ์ งบประมาณและก,BB,ธพม.,CC,00000013,DD,60,)
"INSERT INTO CHK_ORG (ORG_ID,ORG_DESC,ORG_SHORT,PARENT_CODE,ORG_LEVEL) VALUES (",02000100,AA,ส่วนวิศวกรรมโครงข่ายสื่อสัญญาณและระบบวิท,BB,วข.,CC,50020107,DD,60,)
"INSERT INTO CHK_ORG (ORG_ID,ORG_DESC,ORG_SHORT,PARENT_CODE,ORG_LEVEL) VALUES (",02000101,AA,ส่วนวิศวกรรมโครงข่ายชุมสาย,BB,วข.,CC,50020107,DD,60,)
"INSERT INTO CHK_ORG (ORG_ID,ORG_DESC,ORG_SHORT,PARENT_CODE,ORG_LEVEL) VALUES (",02000102,AA,ส่วนวิศวกรรมโครงข่ายระหว่างประเทศ,BB,มต.,CC,50020110,DD,60,)
"INSERT INTO CHK_ORG (ORG_ID,ORG_DESC,ORG_SHORT,PARENT_CODE,ORG_LEVEL) VALUES (",02000103,AA,ส่วนบริหารความถี่วิทยุโทรคมนาคม,BB,วร.,CC,00000056,DD,60,)
"INSERT INTO CHK_ORG (ORG_ID,ORG_DESC,ORG_SHORT,PARENT_CODE,ORG_LEVEL) VALUES (",02000104,AA,ส่วนวางแผนและพัฒนาโครงข่าย,BB,วข.,CC,50020107,DD,60,)
"INSERT INTO CHK_ORG (ORG_ID,ORG_DESC,ORG_SHORT,PARENT_CODE,ORG_LEVEL) VALUES (",02000105,AA,ส่วนธุรการรวมพัสดุ ครุภัณฑ์ งบประมาณและก,BB,ธพข.2,CC,00000007,DD,60,)
"INSERT INTO CHK_ORG (ORG_ID,ORG_DESC,ORG_SHORT,PARENT_CODE,ORG_LEVEL) VALUES (",02000106,AA,ส่วนควบคุมโครงข่าย,BB,คข.,CC,00000039,DD,60,)
"INSERT INTO CHK_ORG (ORG_ID,ORG_DESC,ORG_SHORT,PARENT_CODE,ORG_LEVEL) VALUES (",02000107,AA,ส่วนประสานงานและบริหารโครงข่าย,BB,คข.,CC,00000039,DD,60,)
"INSERT INTO CHK_ORG (ORG_ID,ORG_DESC,ORG_SHORT,PARENT_CODE,ORG_LEVEL) VALUES (",02000108,AA,ส่วนปฏิบัติการวงจรระหว่างประเทศ  บางรัก,BB,คข.,CC,00000039,DD,60,)
"INSERT INTO CHK_ORG (ORG_ID,ORG_DESC,ORG_SHORT,PARENT_CODE,ORG_LEVEL) VALUES (",02000109,AA,ส่วนพัฒนาโครงข่ายหลัก,BB,คข.,CC,00000039,DD,60,)
"INSERT INTO CHK_ORG (ORG_ID,ORG_DESC,ORG_SHORT,PARENT_CODE,ORG_LEVEL) VALUES (",02000111,AA,ส่วนปฏิบัติการวงจรระหว่างประเทศ  ศรีราชา,BB,คข.,CC,00000039,DD,60,)
"INSERT INTO CHK_ORG (ORG_ID,ORG_DESC,ORG_SHORT,PARENT_CODE,ORG_LEVEL) VALUES (",02000113,AA,ส่วนธุรการรวมบุคคล สวัสดิการและสารบรรณ,BB,ธบท.,CC,00000016,DD,60,)
"INSERT INTO CHK_ORG (ORG_ID,ORG_DESC,ORG_SHORT,PARENT_CODE,ORG_LEVEL) VALUES (",02000114,AA,ส่วนบริหารข้อมูลสถิติและสนับสนุนบริการ,BB,รข.,CC,00000044,DD,60,)
"INSERT INTO CHK_ORG (ORG_ID,ORG_DESC,ORG_SHORT,PARENT_CODE,ORG_LEVEL) VALUES (",02000115,AA,ส่วนระบบดาวเทียม,BB,รข.,CC,00000044,DD,60,)
"INSERT INTO CHK_ORG (ORG_ID,ORG_DESC,ORG_SHORT,PARENT_CODE,ORG_LEVEL) VALUES (",02000116,AA,ส่วนระบบเคเบิลใต้น้ำ,BB,รข.,CC,00000044,DD,60,)
"INSERT INTO CHK_ORG (ORG_ID,ORG_DESC,ORG_SHORT,PARENT_CODE,ORG_LEVEL) VALUES (",02000117,AA,ส่วนบริหารสัญญาและประสานงานระหว่างประเทศ,BB,รข.,CC,00000044,DD,60,)
"INSERT INTO CHK_ORG (ORG_ID,ORG_DESC,ORG_SHORT,PARENT_CODE,ORG_LEVEL) VALUES (",02000118,AA,ส่วนปฏิบัติการและบำรุงรักษากลาง,BB,รข.,CC,00000044,DD,60,)
"INSERT INTO CHK_ORG (ORG_ID,ORG_DESC,ORG_SHORT,PARENT_CODE,ORG_LEVEL) VALUES (",02000119,AA,สถานีดาวเทียม  ศรีราชา,BB,รข.,CC,00000044,DD,61,)
"INSERT INTO CHK_ORG (ORG_ID,ORG_DESC,ORG_SHORT,PARENT_CODE,ORG_LEVEL) VALUES (",02000120,AA,สถานีดาวเทียม  นนทบุรี,BB,รข.,CC,00000044,DD,61,)
"INSERT INTO CHK_ORG (ORG_ID,ORG_DESC,ORG_SHORT,PARENT_CODE,ORG_LEVEL) VALUES (",02000121,AA,สถานีดาวเทียม  สิรินธร,BB,รข.,CC,00000044,DD,61,)
"INSERT INTO CHK_ORG (ORG_ID,ORG_DESC,ORG_SHORT,PARENT_CODE,ORG_LEVEL) VALUES (",02000122,AA,สถานีเคเบิลใต้น้ำ ชลี 1   เพชรบุรี,BB,รข.,CC,00000044,DD,61,)
"INSERT INTO CHK_ORG (ORG_ID,ORG_DESC,ORG_SHORT,PARENT_CODE,ORG_LEVEL) VALUES (",02000123,AA,สถานีเคเบิลใต้น้ำ ชลี 2   สงขลา,BB,รข.,CC,00000044,DD,61,)
"INSERT INTO CHK_ORG (ORG_ID,ORG_DESC,ORG_SHORT,PARENT_CODE,ORG_LEVEL) VALUES (",02000124,AA,สถานีเคเบิลใต้น้ำ ชลี 3   ศรีราชา,BB,รข.,CC,00000044,DD,61,)
"INSERT INTO CHK_ORG (ORG_ID,ORG_DESC,ORG_SHORT,PARENT_CODE,ORG_LEVEL) VALUES (",02000125,AA,สถานีเคเบิลใต้น้ำ ชลี 4   สตูล,BB,รข.,CC,00000044,DD,61,)
"INSERT INTO CHK_ORG (ORG_ID,ORG_DESC,ORG_SHORT,PARENT_CODE,ORG_LEVEL) VALUES (",02000126,AA,ส่วนบริหารสินทรัพย์,BB,รข.,CC,00000044,DD,60,)
"INSERT INTO CHK_ORG (ORG_ID,ORG_DESC,ORG_SHORT,PARENT_CODE,ORG_LEVEL) VALUES (",02000128,AA,ส่วนปฏิบัติการโครงข่ายระหว่างประเทศ สงขล,BB,รข.,CC,00000044,DD,61,)
"INSERT INTO CHK_ORG (ORG_ID,ORG_DESC,ORG_SHORT,PARENT_CODE,ORG_LEVEL) VALUES (",02000129,AA,ส่วนธุรการรวมบุคคล สวัสดิการและสารบรรณ,BB,ธบบ.,CC,00000015,DD,60,)
"INSERT INTO CHK_ORG (ORG_ID,ORG_DESC,ORG_SHORT,PARENT_CODE,ORG_LEVEL) VALUES (",02000130,AA,ส่วนรับเรื่องร้องเรียน,BB,ญอ.,CC,00000098,DD,60,)
"INSERT INTO CHK_ORG (ORG_ID,ORG_DESC,ORG_SHORT,PARENT_CODE,ORG_LEVEL) VALUES (",02000131,AA,ส่วนการประชุมภายใน,BB,ญอ.,CC,00000098,DD,60,)
"INSERT INTO CHK_ORG (ORG_ID,ORG_DESC,ORG_SHORT,PARENT_CODE,ORG_LEVEL) VALUES (",02000132,AA,ส่วนความร่วมมือระหว่างหน่วยงาน,BB,ญอ.,CC,00000098,DD,60,)
"INSERT INTO CHK_ORG (ORG_ID,ORG_DESC,ORG_SHORT,PARENT_CODE,ORG_LEVEL) VALUES (",02000134,AA,ส่วนความปลอดภัยในการทำงาน,BB,ศญ.,CC,00000099,DD,60,)
"INSERT INTO CHK_ORG (ORG_ID,ORG_DESC,ORG_SHORT,PARENT_CODE,ORG_LEVEL) VALUES (",02000135,AA,ส่วนอาชีวอนามัย,BB,ศญ.,CC,00000099,DD,60,)
"INSERT INTO CHK_ORG (ORG_ID,ORG_DESC,ORG_SHORT,PARENT_CODE,ORG_LEVEL) VALUES (",02000136,AA,ส่วนสภาพแวดล้อมในการทำงาน,BB,ศญ.,CC,00000099,DD,60,)
"INSERT INTO CHK_ORG (ORG_ID,ORG_DESC,ORG_SHORT,PARENT_CODE,ORG_LEVEL) VALUES (",02000137,AA,ส่วนประเมินการควบคุมภายในขององค์กร,BB,สก.,CC,00000031,DD,60,)
"INSERT INTO CHK_ORG (ORG_ID,ORG_DESC,ORG_SHORT,PARENT_CODE,ORG_LEVEL) VALUES (",02000138,AA,ส่วนพัฒนาระบบการควบคุมภายใน,BB,สก.,CC,00000031,DD,60,)
"INSERT INTO CHK_ORG (ORG_ID,ORG_DESC,ORG_SHORT,PARENT_CODE,ORG_LEVEL) VALUES (",02000139,AA,ส่วนสนับสนุนการบริหารความเสี่ยงและควบคุม,BB,สก.,CC,00000031,DD,60,)
"INSERT INTO CHK_ORG (ORG_ID,ORG_DESC,ORG_SHORT,PARENT_CODE,ORG_LEVEL) VALUES (",02000140,AA,ส่วนบริหารความเสี่ยงในภาพรวม,BB,สก.,CC,00000031,DD,60,)
"INSERT INTO CHK_ORG (ORG_ID,ORG_DESC,ORG_SHORT,PARENT_CODE,ORG_LEVEL) VALUES (",02000141,AA,ส่วนบริหารความเสี่ยงและความต่อเนื่องทาง,BB,สก.,CC,00000031,DD,60,)
"INSERT INTO CHK_ORG (ORG_ID,ORG_DESC,ORG_SHORT,PARENT_CODE,ORG_LEVEL) VALUES (",02000150,AA,ส่วนธุรการรวมบุคคล สวัสดิการและสารบรรณ,BB,ธบร.,CC,00000010,DD,60,)
"INSERT INTO CHK_ORG (ORG_ID,ORG_DESC,ORG_SHORT,PARENT_CODE,ORG_LEVEL) VALUES (",02000151,AA,ส่วนพัฒนาและบริหารสินทรัพย์ระบบสื่อสัญญา,BB,นข.,CC,00000045,DD,60,)
"INSERT INTO CHK_ORG (ORG_ID,ORG_DESC,ORG_SHORT,PARENT_CODE,ORG_LEVEL) VALUES (",02000152,AA,ส่วนประสานงานสื่อสัญญาณ,BB,นข.,CC,00000045,DD,60,)
"INSERT INTO CHK_ORG (ORG_ID,ORG_DESC,ORG_SHORT,PARENT_CODE,ORG_LEVEL) VALUES (",02000153,AA,ส่วนสำรวจออกแบบโครงข่าย,BB,นข.,CC,00000045,DD,60,)
"INSERT INTO CHK_ORG (ORG_ID,ORG_DESC,ORG_SHORT,PARENT_CODE,ORG_LEVEL) VALUES (",02000154,AA,ส่วนลูกค้าสัมพันธ์,BB,นข.,CC,00000045,DD,60,)
"INSERT INTO CHK_ORG (ORG_ID,ORG_DESC,ORG_SHORT,PARENT_CODE,ORG_LEVEL) VALUES (",02000155,AA,ส่วนปฏิบัติการโครงข่าย นนทบุรี,BB,นข.,CC,00000045,DD,60,)
"INSERT INTO CHK_ORG (ORG_ID,ORG_DESC,ORG_SHORT,PARENT_CODE,ORG_LEVEL) VALUES (",02000156,AA,ส่วนสื่อสัญญาณวิทยุไมโครเวฟ  บางรัก,BB,นข.,CC,00000045,DD,60,)
"INSERT INTO CHK_ORG (ORG_ID,ORG_DESC,ORG_SHORT,PARENT_CODE,ORG_LEVEL) VALUES (",02000157,AA,ส่วนปฏิบัติการโครงข่าย  สุวรรณภูมิ,BB,นข.,CC,00000045,DD,60,)
"INSERT INTO CHK_ORG (ORG_ID,ORG_DESC,ORG_SHORT,PARENT_CODE,ORG_LEVEL) VALUES (",02000158,AA,ส่วนปฏิบัติการโครงข่าย  บางรัก,BB,นข.,CC,00000045,DD,60,)
"INSERT INTO CHK_ORG (ORG_ID,ORG_DESC,ORG_SHORT,PARENT_CODE,ORG_LEVEL) VALUES (",02000159,AA,ส่วนปฏิบัติการโครงข่าย  คลองหลวง,BB,นข.,CC,00000045,DD,60,)
"INSERT INTO CHK_ORG (ORG_ID,ORG_DESC,ORG_SHORT,PARENT_CODE,ORG_LEVEL) VALUES (",02000160,AA,ส่วนปฏิบัติการโครงข่าย  มีนบุรี,BB,นข.,CC,00000045,DD,60,)
"INSERT INTO CHK_ORG (ORG_ID,ORG_DESC,ORG_SHORT,PARENT_CODE,ORG_LEVEL) VALUES (",02000161,AA,ส่วนปฏิบัติการโครงข่าย  หลักสี่,BB,นข.,CC,00000045,DD,60,)
"INSERT INTO CHK_ORG (ORG_ID,ORG_DESC,ORG_SHORT,PARENT_CODE,ORG_LEVEL) VALUES (",02000162,AA,ส่วนปฏิบัติการโครงข่าย  ยานนาวา,BB,นข.,CC,00000045,DD,60,)
"INSERT INTO CHK_ORG (ORG_ID,ORG_DESC,ORG_SHORT,PARENT_CODE,ORG_LEVEL) VALUES (",02000163,AA,ส่วนปฏิบัติการโครงข่าย  ธนบุรี,BB,นข.,CC,00000045,DD,60,)
"INSERT INTO CHK_ORG (ORG_ID,ORG_DESC,ORG_SHORT,PARENT_CODE,ORG_LEVEL) VALUES (",02000164,AA,ส่วนปฏิบัติการโครงข่าย  สมุทรปราการ,BB,นข.,CC,00000045,DD,60,)
"INSERT INTO CHK_ORG (ORG_ID,ORG_DESC,ORG_SHORT,PARENT_CODE,ORG_LEVEL) VALUES (",02000165,AA,ส่วนปฏิบัติการโครงข่าย  พระโขนง,BB,นข.,CC,00000045,DD,60,)
"INSERT INTO CHK_ORG (ORG_ID,ORG_DESC,ORG_SHORT,PARENT_CODE,ORG_LEVEL) VALUES (",02000166,AA,ส่วนปฏิบัติการข่ายสายเคเบิล,BB,นข.,CC,00000045,DD,60,)
"INSERT INTO CHK_ORG (ORG_ID,ORG_DESC,ORG_SHORT,PARENT_CODE,ORG_LEVEL) VALUES (",02000167,AA,ส่วนปฏิบัติการระบบการกำลัง,BB,นข.,CC,00000045,DD,60,)
"INSERT INTO CHK_ORG (ORG_ID,ORG_DESC,ORG_SHORT,PARENT_CODE,ORG_LEVEL) VALUES (",02000173,AA,ส่วนสนับสนุนข้อมูล,BB,ทข.,CC,50020113,DD,60,)
"INSERT INTO CHK_ORG (ORG_ID,ORG_DESC,ORG_SHORT,PARENT_CODE,ORG_LEVEL) VALUES (",02000174,AA,ส่วนชุมสายโทรศัพท์ระหว่างประเทศ  บางรัก,BB,ทข.,CC,50020113,DD,60,)
"INSERT INTO CHK_ORG (ORG_ID,ORG_DESC,ORG_SHORT,PARENT_CODE,ORG_LEVEL) VALUES (",02000175,AA,ส่วนชุมสายโทรศัพท์ระหว่างประเทศ  ศรีราชา,BB,ทข.,CC,50020113,DD,60,)
"INSERT INTO CHK_ORG (ORG_ID,ORG_DESC,ORG_SHORT,PARENT_CODE,ORG_LEVEL) VALUES (",02000176,AA,ส่วนชุมสาย  TANDEM  และ  VoIP  นนทบุรี,BB,ทข.,CC,50020113,DD,60,)
"INSERT INTO CHK_ORG (ORG_ID,ORG_DESC,ORG_SHORT,PARENT_CODE,ORG_LEVEL) VALUES (",02000177,AA,ส่วนปฏิบัติการบริการเสริม,BB,ทข.,CC,50020113,DD,60,)
"INSERT INTO CHK_ORG (ORG_ID,ORG_DESC,ORG_SHORT,PARENT_CODE,ORG_LEVEL) VALUES (",02000178,AA,ส่วนชุมสายโทรศัพท์ในประเทศ,BB,ทข.,CC,50020113,DD,60,)
"INSERT INTO CHK_ORG (ORG_ID,ORG_DESC,ORG_SHORT,PARENT_CODE,ORG_LEVEL) VALUES (",02000179,AA,ส่วนบริการสลับสาย,BB,ทข.,CC,50020113,DD,60,)
"INSERT INTO CHK_ORG (ORG_ID,ORG_DESC,ORG_SHORT,PARENT_CODE,ORG_LEVEL) VALUES (",02000180,AA,ส่วนประสานงานปฏิบัติงานโทรศัพท์,BB,ทข.,CC,50020113,DD,60,)
"INSERT INTO CHK_ORG (ORG_ID,ORG_DESC,ORG_SHORT,PARENT_CODE,ORG_LEVEL) VALUES (",02000182,AA,ส่วนตรวจสอบและควบคุมการใช้บริการ,BB,ทข.,CC,50020113,DD,60,)
"INSERT INTO CHK_ORG (ORG_ID,ORG_DESC,ORG_SHORT,PARENT_CODE,ORG_LEVEL) VALUES (",02000183,AA,ส่วนวิเคราะห์คุณภาพทางเสียง,BB,ทข.,CC,50020113,DD,60,)
"INSERT INTO CHK_ORG (ORG_ID,ORG_DESC,ORG_SHORT,PARENT_CODE,ORG_LEVEL) VALUES (",02000184,AA,ส่วนธุรการรวมพัสดุ ครุภัณฑ์ งบประมาณและก,BB,ธพต.2,CC,00000011,DD,60,)
"INSERT INTO CHK_ORG (ORG_ID,ORG_DESC,ORG_SHORT,PARENT_CODE,ORG_LEVEL) VALUES (",02000185,AA,ส่วนการตลาดบริการโทรศัพท์,BB,ทต.,CC,00000046,DD,60,)
"INSERT INTO CHK_ORG (ORG_ID,ORG_DESC,ORG_SHORT,PARENT_CODE,ORG_LEVEL) VALUES (",02000186,AA,ส่วนสนับสนุนการขายบริการโทรศัพท์,BB,ทต.,CC,00000046,DD,60,)
"INSERT INTO CHK_ORG (ORG_ID,ORG_DESC,ORG_SHORT,PARENT_CODE,ORG_LEVEL) VALUES (",02000188,AA,ส่วนวิเคราะห์ข้อมูลลูกค้าและบริหารคลังสิ,BB,ทต.,CC,00000046,DD,60,)
"INSERT INTO CHK_ORG (ORG_ID,ORG_DESC,ORG_SHORT,PARENT_CODE,ORG_LEVEL) VALUES (",02000189,AA,ส่วนพัฒนาระบบสนับสนุนข้อมูลโทรศัพท์,BB,ทต.,CC,00000046,DD,60,)
"INSERT INTO CHK_ORG (ORG_ID,ORG_DESC,ORG_SHORT,PARENT_CODE,ORG_LEVEL) VALUES (",02000190,AA,ส่วนบริหารทราฟฟิค,BB,กต.,CC,50028900,DD,60,)
"INSERT INTO CHK_ORG (ORG_ID,ORG_DESC,ORG_SHORT,PARENT_CODE,ORG_LEVEL) VALUES (",02000191,AA,ส่วนข้อตกลงระหว่างประเทศ,BB,กต.,CC,50028900,DD,60,)
"INSERT INTO CHK_ORG (ORG_ID,ORG_DESC,ORG_SHORT,PARENT_CODE,ORG_LEVEL) VALUES (",02000192,AA,ส่วนธุรกิจเกตเวย์,BB,มต.,CC,50020110,DD,60,)
"INSERT INTO CHK_ORG (ORG_ID,ORG_DESC,ORG_SHORT,PARENT_CODE,ORG_LEVEL) VALUES (",02000193,AA,ส่วนธุรกิจสื่อสารข้อมูลในประเทศ,BB,มต.,CC,50020110,DD,60,)
"INSERT INTO CHK_ORG (ORG_ID,ORG_DESC,ORG_SHORT,PARENT_CODE,ORG_LEVEL) VALUES (",02000194,AA,ส่วนธุรกิจสื่อสารข้อมูลระหว่างประเทศ,BB,มต.,CC,50020110,DD,60,)
"INSERT INTO CHK_ORG (ORG_ID,ORG_DESC,ORG_SHORT,PARENT_CODE,ORG_LEVEL) VALUES (",02000195,AA,ส่วนธุรกิจสื่อสารข้อมูลผ่านดาวเทียม,BB,มต.,CC,50020110,DD,60,)
"INSERT INTO CHK_ORG (ORG_ID,ORG_DESC,ORG_SHORT,PARENT_CODE,ORG_LEVEL) VALUES (",02000196,AA,ส่วนพัฒนาผลิตภัณฑ์สื่อสารข้อมูล,BB,มต.,CC,50020110,DD,60,)
"INSERT INTO CHK_ORG (ORG_ID,ORG_DESC,ORG_SHORT,PARENT_CODE,ORG_LEVEL) VALUES (",02000197,AA,ส่วนวางแผนการตลาดผลิตภัณฑ์,BB,มต.,CC,50020110,DD,60,)
"INSERT INTO CHK_ORG (ORG_ID,ORG_DESC,ORG_SHORT,PARENT_CODE,ORG_LEVEL) VALUES (",02000198,AA,ส่วนบริหารค่าส่วนแบ่งการร่วมให้บริการสื่,BB,มต.,CC,50020110,DD,60,)
"INSERT INTO CHK_ORG (ORG_ID,ORG_DESC,ORG_SHORT,PARENT_CODE,ORG_LEVEL) VALUES (",02000199,AA,ส่วนพัฒนาธุรกิจสื่อสารข้อมูล,BB,มต.,CC,50020110,DD,60,)
"INSERT INTO CHK_ORG (ORG_ID,ORG_DESC,ORG_SHORT,PARENT_CODE,ORG_LEVEL) VALUES (",02000200,AA,ส่วนพัฒนาธุรกิจอินเทอร์เน็ตองค์กร,BB,บต.,CC,50020108,DD,60,)
"INSERT INTO CHK_ORG (ORG_ID,ORG_DESC,ORG_SHORT,PARENT_CODE,ORG_LEVEL) VALUES (",02000201,AA,ส่วนพัฒนาธุรกิจอินเทอร์เน็ตรายย่อย,BB,บต.,CC,50020108,DD,60,)
"INSERT INTO CHK_ORG (ORG_ID,ORG_DESC,ORG_SHORT,PARENT_CODE,ORG_LEVEL) VALUES (",02000202,AA,ส่วนพัฒนาพันธมิตรธุรกิจอินเทอร์เน็ต,BB,บต.,CC,50020108,DD,60,)
"INSERT INTO CHK_ORG (ORG_ID,ORG_DESC,ORG_SHORT,PARENT_CODE,ORG_LEVEL) VALUES (",02000203,AA,ส่วนพัฒนาธุรกิจบริการเสริมบรอดแบนด์,BB,บต.,CC,50020108,DD,60,)
"INSERT INTO CHK_ORG (ORG_ID,ORG_DESC,ORG_SHORT,PARENT_CODE,ORG_LEVEL) VALUES (",02000204,AA,ส่วนการตลาดบริการบรอดแบนด์,BB,บต.,CC,50020108,DD,60,)
"INSERT INTO CHK_ORG (ORG_ID,ORG_DESC,ORG_SHORT,PARENT_CODE,ORG_LEVEL) VALUES (",02000205,AA,ส่วนกลยุทธ์ตลาดผลิตภัณฑ์บรอดแบนด์,BB,บต.,CC,50020108,DD,60,)
"INSERT INTO CHK_ORG (ORG_ID,ORG_DESC,ORG_SHORT,PARENT_CODE,ORG_LEVEL) VALUES (",02000206,AA,ส่วนสถิติข้อมูลลูกค้าและบริการบรอดแบนด์,BB,บต.,CC,50020108,DD,60,)
"INSERT INTO CHK_ORG (ORG_ID,ORG_DESC,ORG_SHORT,PARENT_CODE,ORG_LEVEL) VALUES (",02000207,AA,ส่วนธุรการรวมพัสดุ ครุภัณฑ์ งบประมาณและก,BB,ธพข.1,CC,00000007,DD,60,)
"INSERT INTO CHK_ORG (ORG_ID,ORG_DESC,ORG_SHORT,PARENT_CODE,ORG_LEVEL) VALUES (",02000208,AA,ส่วนธุรการรวมบุคคล สวัสดิการและสารบรรณ,BB,ธบข.,CC,00000007,DD,60,)
"INSERT INTO CHK_ORG (ORG_ID,ORG_DESC,ORG_SHORT,PARENT_CODE,ORG_LEVEL) VALUES (",02000209,AA,ส่วนปฏิบัติการนนทบุรี,BB,มข.,CC,50020114,DD,60,)
"INSERT INTO CHK_ORG (ORG_ID,ORG_DESC,ORG_SHORT,PARENT_CODE,ORG_LEVEL) VALUES (",02000211,AA,ส่วนบริหารสินทรัพย์สื่อสารข้อมูล,BB,มข.,CC,50020114,DD,60,)
"INSERT INTO CHK_ORG (ORG_ID,ORG_DESC,ORG_SHORT,PARENT_CODE,ORG_LEVEL) VALUES (",02000212,AA,ส่วนบริหารจัดการระบบบริการสื่อสารข้อมูล,BB,มข.,CC,50020114,DD,60,)
"INSERT INTO CHK_ORG (ORG_ID,ORG_DESC,ORG_SHORT,PARENT_CODE,ORG_LEVEL) VALUES (",02000214,AA,ส่วนเทคนิคธุรกิจแลกเปลี่ยนข้อมูล,BB,มข.,CC,50020114,DD,60,)
"INSERT INTO CHK_ORG (ORG_ID,ORG_DESC,ORG_SHORT,PARENT_CODE,ORG_LEVEL) VALUES (",02000215,AA,ส่วนปฏิบัติการศูนย์ข้อมูล บางรัก,BB,ศต.,CC,50020141,DD,60,)
"INSERT INTO CHK_ORG (ORG_ID,ORG_DESC,ORG_SHORT,PARENT_CODE,ORG_LEVEL) VALUES (",02000216,AA,ส่วนบริการอินเทอร์เน็ต,BB,มข.,CC,50020114,DD,60,)
"INSERT INTO CHK_ORG (ORG_ID,ORG_DESC,ORG_SHORT,PARENT_CODE,ORG_LEVEL) VALUES (",02000217,AA,ส่วนวิศวกรรมโครงข่ายและมัลติมีเดีย,BB,มข.,CC,50020114,DD,60,)
"INSERT INTO CHK_ORG (ORG_ID,ORG_DESC,ORG_SHORT,PARENT_CODE,ORG_LEVEL) VALUES (",02000218,AA,ส่วนประสานงานบริการสื่อสารข้อมูล,BB,มข.,CC,50020114,DD,60,)
"INSERT INTO CHK_ORG (ORG_ID,ORG_DESC,ORG_SHORT,PARENT_CODE,ORG_LEVEL) VALUES (",02000219,AA,ส่วนธุรการรวมบุคคล สวัสดิการและสารบรรณ,BB,ธบต.,CC,00000011,DD,60,)
"INSERT INTO CHK_ORG (ORG_ID,ORG_DESC,ORG_SHORT,PARENT_CODE,ORG_LEVEL) VALUES (",02000220,AA,ส่วนความสัมพันธ์ลูกค้า,BB,พต.,CC,50020070,DD,60,)
"INSERT INTO CHK_ORG (ORG_ID,ORG_DESC,ORG_SHORT,PARENT_CODE,ORG_LEVEL) VALUES (",02000221,AA,ส่วนสนับสนุนโซลูชั่น  3,BB,พต.,CC,50020070,DD,60,)
"INSERT INTO CHK_ORG (ORG_ID,ORG_DESC,ORG_SHORT,PARENT_CODE,ORG_LEVEL) VALUES (",02000222,AA,ส่วนวางแผนการตลาดผลิตภัณฑ์,BB,นต.,CC,50020111,DD,60,)
"INSERT INTO CHK_ORG (ORG_ID,ORG_DESC,ORG_SHORT,PARENT_CODE,ORG_LEVEL) VALUES (",02000223,AA,ส่วนบริการการเงินอิเล็กทรอนิกส์,BB,นต.,CC,50020111,DD,60,)
"INSERT INTO CHK_ORG (ORG_ID,ORG_DESC,ORG_SHORT,PARENT_CODE,ORG_LEVEL) VALUES (",02000224,AA,ส่วนบริการการค้าอิเล็กทรอนิกส์,BB,นต.,CC,50020111,DD,60,)
"INSERT INTO CHK_ORG (ORG_ID,ORG_DESC,ORG_SHORT,PARENT_CODE,ORG_LEVEL) VALUES (",02000225,AA,ส่วนบริการสนับสนุนธุรกิจและบันเทิง,BB,นต.,CC,50020111,DD,60,)
"INSERT INTO CHK_ORG (ORG_ID,ORG_DESC,ORG_SHORT,PARENT_CODE,ORG_LEVEL) VALUES (",02000226,AA,ส่วนพัฒนาโซลูชั่น,BB,พต.,CC,50020070,DD,60,)
"INSERT INTO CHK_ORG (ORG_ID,ORG_DESC,ORG_SHORT,PARENT_CODE,ORG_LEVEL) VALUES (",02000227,AA,ส่วนผลิตภัณฑ์และบริการ,BB,สข.(น),CC,00000068,DD,60,)
"INSERT INTO CHK_ORG (ORG_ID,ORG_DESC,ORG_SHORT,PARENT_CODE,ORG_LEVEL) VALUES (",02000228,AA,ส่วนผลิตภัณฑ์และบริการ,BB,สข.(อน),CC,00000069,DD,60,)
"INSERT INTO CHK_ORG (ORG_ID,ORG_DESC,ORG_SHORT,PARENT_CODE,ORG_LEVEL) VALUES (",02000229,AA,ส่วนผลิตภัณฑ์และบริการ,BB,สข.(ก),CC,00000070,DD,60,)
"INSERT INTO CHK_ORG (ORG_ID,ORG_DESC,ORG_SHORT,PARENT_CODE,ORG_LEVEL) VALUES (",02000230,AA,ส่วนผลิตภัณฑ์และบริการ,BB,สข.(อ),CC,00000071,DD,60,)
"INSERT INTO CHK_ORG (ORG_ID,ORG_DESC,ORG_SHORT,PARENT_CODE,ORG_LEVEL) VALUES (",02000231,AA,ส่วนผลิตภัณฑ์และบริการ,BB,สข.(ตต),CC,00000072,DD,60,)
"INSERT INTO CHK_ORG (ORG_ID,ORG_DESC,ORG_SHORT,PARENT_CODE,ORG_LEVEL) VALUES (",02000232,AA,ส่วนผลิตภัณฑ์และบริการ,BB,สข.(ต),CC,00000073,DD,60,)
"INSERT INTO CHK_ORG (ORG_ID,ORG_DESC,ORG_SHORT,PARENT_CODE,ORG_LEVEL) VALUES (",02000233,AA,ส่วนสนับสนุนโซลูชั่น  1,BB,พต.,CC,50020070,DD,60,)
"INSERT INTO CHK_ORG (ORG_ID,ORG_DESC,ORG_SHORT,PARENT_CODE,ORG_LEVEL) VALUES (",02000235,AA,ส่วนบริหารระบบและปฏิบัติการ,BB,นต.,CC,50020111,DD,60,)
"INSERT INTO CHK_ORG (ORG_ID,ORG_DESC,ORG_SHORT,PARENT_CODE,ORG_LEVEL) VALUES (",02000236,AA,ส่วนมาตรฐานบริการและบริหารสัญญา,BB,นต.,CC,50020111,DD,60,)
"INSERT INTO CHK_ORG (ORG_ID,ORG_DESC,ORG_SHORT,PARENT_CODE,ORG_LEVEL) VALUES (",02000237,AA,ส่วนพัฒนา Application และ Content,BB,นต.,CC,50020111,DD,60,)
"INSERT INTO CHK_ORG (ORG_ID,ORG_DESC,ORG_SHORT,PARENT_CODE,ORG_LEVEL) VALUES (",02000239,AA,ส่วนบริการ  Business  Solution,BB,ผต.,CC,50020112,DD,60,)
"INSERT INTO CHK_ORG (ORG_ID,ORG_DESC,ORG_SHORT,PARENT_CODE,ORG_LEVEL) VALUES (",02000240,AA,ส่วนบริการด้านเทคนิคความปลอดภัยเทคโนโลยี,BB,ผต.,CC,50020112,DD,60,)
"INSERT INTO CHK_ORG (ORG_ID,ORG_DESC,ORG_SHORT,PARENT_CODE,ORG_LEVEL) VALUES (",02000241,AA,ส่วนธุรกิจบริการ CCTV,BB,ผต.,CC,50020112,DD,60,)
"INSERT INTO CHK_ORG (ORG_ID,ORG_DESC,ORG_SHORT,PARENT_CODE,ORG_LEVEL) VALUES (",02000242,AA,ส่วนพัฒนาธุรกิจความปลอดภัยเทคโนโลยีสารสน,BB,ผต.,CC,50020112,DD,60,)
"INSERT INTO CHK_ORG (ORG_ID,ORG_DESC,ORG_SHORT,PARENT_CODE,ORG_LEVEL) VALUES (",02000243,AA,ส่วนแผนการตลาดธุรกิจสื่อสารไร้สาย,BB,สต.,CC,00000058,DD,60,)
"INSERT INTO CHK_ORG (ORG_ID,ORG_DESC,ORG_SHORT,PARENT_CODE,ORG_LEVEL) VALUES (",02000244,AA,ส่วนสื่อสารการตลาดธุรกิจสื่อสารไร้สาย,BB,สต.,CC,00000058,DD,60,)
"INSERT INTO CHK_ORG (ORG_ID,ORG_DESC,ORG_SHORT,PARENT_CODE,ORG_LEVEL) VALUES (",02000246,AA,ส่วนบริหารลูกค้าสัมพันธ์ธุรกิจสื่อสาร,BB,สต.,CC,00000058,DD,60,)
"INSERT INTO CHK_ORG (ORG_ID,ORG_DESC,ORG_SHORT,PARENT_CODE,ORG_LEVEL) VALUES (",02000247,AA,ส่วนตรวจสอบข้อมูลบริการธุรกิจสื่อสาร,BB,สต.,CC,00000058,DD,60,)
"INSERT INTO CHK_ORG (ORG_ID,ORG_DESC,ORG_SHORT,PARENT_CODE,ORG_LEVEL) VALUES (",02000248,AA,ส่วนการขายธุรกิจสื่อสารไร้สาย,BB,สต.,CC,00000058,DD,60,)
"INSERT INTO CHK_ORG (ORG_ID,ORG_DESC,ORG_SHORT,PARENT_CODE,ORG_LEVEL) VALUES (",02000249,AA,ส่วนบริหารคลังสินค้า,BB,สต.,CC,00000058,DD,60,)
"INSERT INTO CHK_ORG (ORG_ID,ORG_DESC,ORG_SHORT,PARENT_CODE,ORG_LEVEL) VALUES (",02000250,AA,ส่วนธุรการรวมพัสดุ ครุภัณฑ์ งบประมาณและก,BB,ธพร.,CC,00000010,DD,60,)
"INSERT INTO CHK_ORG (ORG_ID,ORG_DESC,ORG_SHORT,PARENT_CODE,ORG_LEVEL) VALUES (",02000251,AA,ส่วนพัฒนาผลิตภัณฑ์มัลติมีเดีย,BB,ธต.,CC,00000059,DD,60,)
"INSERT INTO CHK_ORG (ORG_ID,ORG_DESC,ORG_SHORT,PARENT_CODE,ORG_LEVEL) VALUES (",02000252,AA,ส่วนพัฒนาธุรกิจสื่อสารไร้สาย,BB,ธต.,CC,00000059,DD,60,)
"INSERT INTO CHK_ORG (ORG_ID,ORG_DESC,ORG_SHORT,PARENT_CODE,ORG_LEVEL) VALUES (",02000253,AA,ส่วนพัฒนาบริการเสริม,BB,ธต.,CC,00000059,DD,60,)
"INSERT INTO CHK_ORG (ORG_ID,ORG_DESC,ORG_SHORT,PARENT_CODE,ORG_LEVEL) VALUES (",02000254,AA,ส่วนบริการข้ามแดนอัตโนมัติ,BB,ธต.,CC,00000059,DD,60,)
"INSERT INTO CHK_ORG (ORG_ID,ORG_DESC,ORG_SHORT,PARENT_CODE,ORG_LEVEL) VALUES (",02000255,AA,ส่วนวิเคราะห์ธุรกิจสื่อสารไร้สาย,BB,ธต.,CC,00000059,DD,60,)
"INSERT INTO CHK_ORG (ORG_ID,ORG_DESC,ORG_SHORT,PARENT_CODE,ORG_LEVEL) VALUES (",02000256,AA,ส่วนจัดเตรียมสถานที่,BB,วร.,CC,00000056,DD,60,)
"INSERT INTO CHK_ORG (ORG_ID,ORG_DESC,ORG_SHORT,PARENT_CODE,ORG_LEVEL) VALUES (",02000257,AA,ส่วนวิศวกรรมสื่อสัญญาณ,BB,วร.,CC,00000056,DD,60,)
"INSERT INTO CHK_ORG (ORG_ID,ORG_DESC,ORG_SHORT,PARENT_CODE,ORG_LEVEL) VALUES (",02000258,AA,ส่วนวางแผนวิศวกรรม,BB,วร.,CC,00000056,DD,60,)
"INSERT INTO CHK_ORG (ORG_ID,ORG_DESC,ORG_SHORT,PARENT_CODE,ORG_LEVEL) VALUES (",02000259,AA,ส่วนปฏิบัติการระบบสถานีโครงข่าย,BB,ปร.,CC,00000057,DD,60,)
"INSERT INTO CHK_ORG (ORG_ID,ORG_DESC,ORG_SHORT,PARENT_CODE,ORG_LEVEL) VALUES (",02000260,AA,ส่วนวิศวกรรมระบบชุมสายทางเสียง,BB,วร.,CC,00000056,DD,60,)
"INSERT INTO CHK_ORG (ORG_ID,ORG_DESC,ORG_SHORT,PARENT_CODE,ORG_LEVEL) VALUES (",02000261,AA,ส่วนวิศวกรรมระบบชุมสายสื่อสารข้อมูล,BB,วร.,CC,00000056,DD,60,)
"INSERT INTO CHK_ORG (ORG_ID,ORG_DESC,ORG_SHORT,PARENT_CODE,ORG_LEVEL) VALUES (",02000262,AA,ส่วน Prepaid  และบริการเสริม,BB,วร.,CC,00000056,DD,60,)
"INSERT INTO CHK_ORG (ORG_ID,ORG_DESC,ORG_SHORT,PARENT_CODE,ORG_LEVEL) VALUES (",02000263,AA,ส่วนบริหารสัญญาโครงข่ายสื่อสารไร้สาย,BB,ปร.,CC,00000057,DD,60,)
"INSERT INTO CHK_ORG (ORG_ID,ORG_DESC,ORG_SHORT,PARENT_CODE,ORG_LEVEL) VALUES (",02000264,AA,ส่วนบริหารสินทรัพย์และข้อมูลโครงข่าย,BB,ปร.,CC,00000057,DD,60,)
"INSERT INTO CHK_ORG (ORG_ID,ORG_DESC,ORG_SHORT,PARENT_CODE,ORG_LEVEL) VALUES (",02000265,AA,ส่วนควบคุมและพัฒนาคุณภาพบริการ,BB,ปร.,CC,00000057,DD,60,)
"INSERT INTO CHK_ORG (ORG_ID,ORG_DESC,ORG_SHORT,PARENT_CODE,ORG_LEVEL) VALUES (",02000266,AA,ส่วนวิเคราะห์และปรับปรุงระบบโครงข่าย,BB,ปร.,CC,00000057,DD,60,)
"INSERT INTO CHK_ORG (ORG_ID,ORG_DESC,ORG_SHORT,PARENT_CODE,ORG_LEVEL) VALUES (",02000267,AA,ส่วนปฏิบัติการและบำรุงฯไร้สาย (กรุงเทพฯ),BB,ปร.,CC,00000057,DD,60,)
"INSERT INTO CHK_ORG (ORG_ID,ORG_DESC,ORG_SHORT,PARENT_CODE,ORG_LEVEL) VALUES (",02000268,AA,ส่วนปฏิบัติการและบำรุงฯไร้สาย(เชียงใหม่),BB,ปร.,CC,00000057,DD,60,)
"INSERT INTO CHK_ORG (ORG_ID,ORG_DESC,ORG_SHORT,PARENT_CODE,ORG_LEVEL) VALUES (",02000269,AA,ส่วนปฏิบัติการและบำรุงฯไร้สาย (พิษณุโลก),BB,ปร.,CC,00000057,DD,60,)
"INSERT INTO CHK_ORG (ORG_ID,ORG_DESC,ORG_SHORT,PARENT_CODE,ORG_LEVEL) VALUES (",02000270,AA,ส่วนปฏิบัติการและบำรุงฯไร้สาย (ขอนแก่น),BB,ปร.,CC,00000057,DD,60,)
"INSERT INTO CHK_ORG (ORG_ID,ORG_DESC,ORG_SHORT,PARENT_CODE,ORG_LEVEL) VALUES (",02000271,AA,ส่วนปฏิบัติการและบำรุงฯ (นครราชสีมา),BB,ปร.,CC,00000057,DD,60,)
"INSERT INTO CHK_ORG (ORG_ID,ORG_DESC,ORG_SHORT,PARENT_CODE,ORG_LEVEL) VALUES (",02000272,AA,ส่วนปฏิบัติการและบำรุงฯไร้สาย(สุราษฎร์ฯ),BB,ปร.,CC,00000057,DD,60,)
"INSERT INTO CHK_ORG (ORG_ID,ORG_DESC,ORG_SHORT,PARENT_CODE,ORG_LEVEL) VALUES (",02000273,AA,ส่วนปฏิบัติการและบำรุงฯไร้สาย (หาดใหญ่),BB,ปร.,CC,00000057,DD,60,)
"INSERT INTO CHK_ORG (ORG_ID,ORG_DESC,ORG_SHORT,PARENT_CODE,ORG_LEVEL) VALUES (",02000277,AA,ส่วนพัฒนาโซลูชั่น,BB,ชต.,CC,50020073,DD,60,)
"INSERT INTO CHK_ORG (ORG_ID,ORG_DESC,ORG_SHORT,PARENT_CODE,ORG_LEVEL) VALUES (",02000278,AA,ส่วนบริหารแบรนด์องค์กร,BB,ปต.,CC,00000064,DD,60,)
"INSERT INTO CHK_ORG (ORG_ID,ORG_DESC,ORG_SHORT,PARENT_CODE,ORG_LEVEL) VALUES (",02000279,AA,ส่วนบริหารประสบการณ์ลูกค้า,BB,ยต.,CC,00000065,DD,60,)
"INSERT INTO CHK_ORG (ORG_ID,ORG_DESC,ORG_SHORT,PARENT_CODE,ORG_LEVEL) VALUES (",02000280,AA,ส่วนวิเคราะห์และวิจัยความต้องการลูกค้า,BB,ยต.,CC,00000065,DD,60,)
"INSERT INTO CHK_ORG (ORG_ID,ORG_DESC,ORG_SHORT,PARENT_CODE,ORG_LEVEL) VALUES (",02000281,AA,ส่วนประเมินผลและสนับสนุนการตลาด,BB,ปต.,CC,00000064,DD,60,)
"INSERT INTO CHK_ORG (ORG_ID,ORG_DESC,ORG_SHORT,PARENT_CODE,ORG_LEVEL) VALUES (",02000282,AA,ส่วนพัฒนา CAT Contact Center,BB,ยต.,CC,00000065,DD,60,)
"INSERT INTO CHK_ORG (ORG_ID,ORG_DESC,ORG_SHORT,PARENT_CODE,ORG_LEVEL) VALUES (",02000283,AA,ส่วนสื่อสารองค์กร,BB,ปต.,CC,00000064,DD,60,)
"INSERT INTO CHK_ORG (ORG_ID,ORG_DESC,ORG_SHORT,PARENT_CODE,ORG_LEVEL) VALUES (",02000285,AA,ส่วนประชาสัมพันธ์และสนับสนุนภาพลักษณ์องค,BB,ปต.,CC,00000064,DD,60,)
"INSERT INTO CHK_ORG (ORG_ID,ORG_DESC,ORG_SHORT,PARENT_CODE,ORG_LEVEL) VALUES (",02000286,AA,ส่วนสื่อสารการตลาด,BB,ปต.,CC,00000064,DD,60,)
"INSERT INTO CHK_ORG (ORG_ID,ORG_DESC,ORG_SHORT,PARENT_CODE,ORG_LEVEL) VALUES (",02000288,AA,ส่วนบริหารผลิตสื่อทั่วไป,BB,ปต.,CC,00000064,DD,60,)
"INSERT INTO CHK_ORG (ORG_ID,ORG_DESC,ORG_SHORT,PARENT_CODE,ORG_LEVEL) VALUES (",02000289,AA,ส่วนกิจกรรม,BB,ปต.,CC,00000064,DD,60,)
"INSERT INTO CHK_ORG (ORG_ID,ORG_DESC,ORG_SHORT,PARENT_CODE,ORG_LEVEL) VALUES (",02000290,AA,ส่วนธุรการรวมพัสดุ ครุภัณฑ์ งบประมาณและก,BB,ธพต.1,CC,00000011,DD,60,)
"INSERT INTO CHK_ORG (ORG_ID,ORG_DESC,ORG_SHORT,PARENT_CODE,ORG_LEVEL) VALUES (",02000291,AA,ส่วนบริหารกลยุทธ์ความสัมพันธ์ลูกค้า,BB,ยต.,CC,00000065,DD,60,)
"INSERT INTO CHK_ORG (ORG_ID,ORG_DESC,ORG_SHORT,PARENT_CODE,ORG_LEVEL) VALUES (",02000292,AA,ส่วนบริหารฐานข้อมูลลูกค้า,BB,ยต.,CC,00000065,DD,60,)
"INSERT INTO CHK_ORG (ORG_ID,ORG_DESC,ORG_SHORT,PARENT_CODE,ORG_LEVEL) VALUES (",02000293,AA,ส่วนบริการสัมพันธ์ (Contact Center),BB,ยต.,CC,00000065,DD,60,)
"INSERT INTO CHK_ORG (ORG_ID,ORG_DESC,ORG_SHORT,PARENT_CODE,ORG_LEVEL) VALUES (",02000294,AA,ส่วนรับแจ้งเหตุขัดข้อง,BB,ยต.,CC,00000065,DD,60,)
"INSERT INTO CHK_ORG (ORG_ID,ORG_DESC,ORG_SHORT,PARENT_CODE,ORG_LEVEL) VALUES (",02000295,AA,ส่วนสนับสนุนข้อมูลหนี้,BB,จต.,CC,00000066,DD,60,)
"INSERT INTO CHK_ORG (ORG_ID,ORG_DESC,ORG_SHORT,PARENT_CODE,ORG_LEVEL) VALUES (",02000296,AA,ส่วนจัดเก็บและบริหารหนี้ลูกค้ารายย่อย,BB,จต.,CC,00000066,DD,60,)
"INSERT INTO CHK_ORG (ORG_ID,ORG_DESC,ORG_SHORT,PARENT_CODE,ORG_LEVEL) VALUES (",02000297,AA,ส่วนจัดเก็บและบริหารหนี้ลูกค้าเอกชนและ,BB,จต.,CC,00000066,DD,60,)
"INSERT INTO CHK_ORG (ORG_ID,ORG_DESC,ORG_SHORT,PARENT_CODE,ORG_LEVEL) VALUES (",02000298,AA,ส่วนจัดเก็บและบริหารหนี้ลูกค้าภาครัฐ,BB,จต.,CC,00000066,DD,60,)
"INSERT INTO CHK_ORG (ORG_ID,ORG_DESC,ORG_SHORT,PARENT_CODE,ORG_LEVEL) VALUES (",02000299,AA,ส่วนจัดเก็บและบริหารหนี้ลูกค้าผู้ประกอบ,BB,จต.,CC,00000066,DD,60,)
"INSERT INTO CHK_ORG (ORG_ID,ORG_DESC,ORG_SHORT,PARENT_CODE,ORG_LEVEL) VALUES (",02000300,AA,ส่วนจัดเก็บและบริหารหนี้อื่น,BB,จต.,CC,00000066,DD,60,)
"INSERT INTO CHK_ORG (ORG_ID,ORG_DESC,ORG_SHORT,PARENT_CODE,ORG_LEVEL) VALUES (",02000301,AA,ส่วนวิเคราะห์และติดตามผลการจัดเก็บหนี้,BB,จต.,CC,00000066,DD,60,)
"INSERT INTO CHK_ORG (ORG_ID,ORG_DESC,ORG_SHORT,PARENT_CODE,ORG_LEVEL) VALUES (",02000302,AA,ส่วนบริการหน่วยงานภาครัฐ 1,BB,รต.,CC,00000060,DD,60,)
"INSERT INTO CHK_ORG (ORG_ID,ORG_DESC,ORG_SHORT,PARENT_CODE,ORG_LEVEL) VALUES (",02000303,AA,ส่วนบริการหน่วยงานภาครัฐ 2,BB,รต.,CC,00000060,DD,60,)
"INSERT INTO CHK_ORG (ORG_ID,ORG_DESC,ORG_SHORT,PARENT_CODE,ORG_LEVEL) VALUES (",02000304,AA,ส่วนบริการหน่วยงานภาครัฐ 3,BB,รต.,CC,00000060,DD,60,)
"INSERT INTO CHK_ORG (ORG_ID,ORG_DESC,ORG_SHORT,PARENT_CODE,ORG_LEVEL) VALUES (",02000305,AA,ส่วนบริการหน่วยงานภาครัฐ 4,BB,รต.,CC,00000060,DD,60,)
"INSERT INTO CHK_ORG (ORG_ID,ORG_DESC,ORG_SHORT,PARENT_CODE,ORG_LEVEL) VALUES (",02000306,AA,ส่วนบริการหน่วยงานภาครัฐ 5,BB,รต.,CC,00000060,DD,60,)
"INSERT INTO CHK_ORG (ORG_ID,ORG_DESC,ORG_SHORT,PARENT_CODE,ORG_LEVEL) VALUES (",02000307,AA,ส่วนสัญญาและข้อมูลหน่วยงานภาครัฐ,BB,รต.,CC,00000060,DD,60,)
"INSERT INTO CHK_ORG (ORG_ID,ORG_DESC,ORG_SHORT,PARENT_CODE,ORG_LEVEL) VALUES (",02000308,AA,ส่วนการขายลูกค้าเอกชน 1,BB,อต.,CC,00000061,DD,60,)
"INSERT INTO CHK_ORG (ORG_ID,ORG_DESC,ORG_SHORT,PARENT_CODE,ORG_LEVEL) VALUES (",02000309,AA,ส่วนการขายลูกค้าเอกชน 2,BB,อต.,CC,00000061,DD,60,)
"INSERT INTO CHK_ORG (ORG_ID,ORG_DESC,ORG_SHORT,PARENT_CODE,ORG_LEVEL) VALUES (",02000310,AA,ส่วนการขายลูกค้าเอกชน 3,BB,อต.,CC,00000061,DD,60,)
"INSERT INTO CHK_ORG (ORG_ID,ORG_DESC,ORG_SHORT,PARENT_CODE,ORG_LEVEL) VALUES (",02000311,AA,ส่วนการขายลูกค้าเอกชน 4,BB,อต.,CC,00000061,DD,60,)
"INSERT INTO CHK_ORG (ORG_ID,ORG_DESC,ORG_SHORT,PARENT_CODE,ORG_LEVEL) VALUES (",02000312,AA,ส่วนการขายลูกค้าเอกชน 5,BB,อต.,CC,00000061,DD,60,)
"INSERT INTO CHK_ORG (ORG_ID,ORG_DESC,ORG_SHORT,PARENT_CODE,ORG_LEVEL) VALUES (",02000313,AA,ส่วนการขายลูกค้าเอกชน 6,BB,อต.,CC,00000061,DD,60,)
"INSERT INTO CHK_ORG (ORG_ID,ORG_DESC,ORG_SHORT,PARENT_CODE,ORG_LEVEL) VALUES (",02000314,AA,ส่วนการขายลูกค้าผู้ประกอบการ 1,BB,กต.,CC,50028900,DD,60,)
"INSERT INTO CHK_ORG (ORG_ID,ORG_DESC,ORG_SHORT,PARENT_CODE,ORG_LEVEL) VALUES (",02000315,AA,ส่วนการขายลูกค้าผู้ประกอบการ 2,BB,กต.,CC,50028900,DD,60,)
"INSERT INTO CHK_ORG (ORG_ID,ORG_DESC,ORG_SHORT,PARENT_CODE,ORG_LEVEL) VALUES (",02000316,AA,"ส่วนการขาย CAT EDI, CAT CA และบัตรโทรคมน",BB,อต.,CC,00000061,DD,60,)
"INSERT INTO CHK_ORG (ORG_ID,ORG_DESC,ORG_SHORT,PARENT_CODE,ORG_LEVEL) VALUES (",02000317,AA,ส่วนการขายลูกค้าผู้ประกอบการ 3,BB,กต.,CC,50028900,DD,60,)
"INSERT INTO CHK_ORG (ORG_ID,ORG_DESC,ORG_SHORT,PARENT_CODE,ORG_LEVEL) VALUES (",02000318,AA,ส่วนประสานงานการขาย,BB,กต.,CC,50028900,DD,60,)
"INSERT INTO CHK_ORG (ORG_ID,ORG_DESC,ORG_SHORT,PARENT_CODE,ORG_LEVEL) VALUES (",02000328,AA,ส่วนพัฒนาศูนย์บริการลูกค้า,BB,ยต.,CC,00000065,DD,60,)
"INSERT INTO CHK_ORG (ORG_ID,ORG_DESC,ORG_SHORT,PARENT_CODE,ORG_LEVEL) VALUES (",02000329,AA,ส่วนบริหารงานภูมิภาค,BB,บข.,CC,00000048,DD,60,)
"INSERT INTO CHK_ORG (ORG_ID,ORG_DESC,ORG_SHORT,PARENT_CODE,ORG_LEVEL) VALUES (",02000330,AA,ส่วนงานบริการลูกค้า 1,BB,ยต.,CC,00000065,DD,60,)
"INSERT INTO CHK_ORG (ORG_ID,ORG_DESC,ORG_SHORT,PARENT_CODE,ORG_LEVEL) VALUES (",02000331,AA,ส่วนงานบริการลูกค้า 2,BB,ยต.,CC,00000065,DD,60,)
"INSERT INTO CHK_ORG (ORG_ID,ORG_DESC,ORG_SHORT,PARENT_CODE,ORG_LEVEL) VALUES (",02000332,AA,ส่วนงานบริการลูกค้า 3,BB,ยต.,CC,00000065,DD,60,)
"INSERT INTO CHK_ORG (ORG_ID,ORG_DESC,ORG_SHORT,PARENT_CODE,ORG_LEVEL) VALUES (",02000333,AA,ส่วนงานบริการลูกค้า 4,BB,ยต.,CC,00000065,DD,60,)
"INSERT INTO CHK_ORG (ORG_ID,ORG_DESC,ORG_SHORT,PARENT_CODE,ORG_LEVEL) VALUES (",02000334,AA,ส่วนงานบริการลูกค้า 5,BB,ยต.,CC,00000065,DD,60,)
"INSERT INTO CHK_ORG (ORG_ID,ORG_DESC,ORG_SHORT,PARENT_CODE,ORG_LEVEL) VALUES (",02000335,AA,ส่วนงานบริการลูกค้า 6,BB,ยต.,CC,00000065,DD,60,)
"INSERT INTO CHK_ORG (ORG_ID,ORG_DESC,ORG_SHORT,PARENT_CODE,ORG_LEVEL) VALUES (",02000336,AA,ส่วนงานบริการลูกค้า 7,BB,ยต.,CC,00000065,DD,60,)
"INSERT INTO CHK_ORG (ORG_ID,ORG_DESC,ORG_SHORT,PARENT_CODE,ORG_LEVEL) VALUES (",02000337,AA,ส่วนสนับสนุนงานบริการ,BB,สข.(น),CC,00000068,DD,60,)
"INSERT INTO CHK_ORG (ORG_ID,ORG_DESC,ORG_SHORT,PARENT_CODE,ORG_LEVEL) VALUES (",02000338,AA,ส่วนตรวจสอบบัญชีการเงินและภาษี,BB,สข.(น),CC,00000068,DD,60,)
"INSERT INTO CHK_ORG (ORG_ID,ORG_DESC,ORG_SHORT,PARENT_CODE,ORG_LEVEL) VALUES (",02000339,AA,ส่วนกฎหมายและรายได้,BB,สข.(น),CC,00000068,DD,60,)
"INSERT INTO CHK_ORG (ORG_ID,ORG_DESC,ORG_SHORT,PARENT_CODE,ORG_LEVEL) VALUES (",02000340,AA,ส่วนการตลาดและการขาย,BB,สข.(น),CC,00000068,DD,60,)
"INSERT INTO CHK_ORG (ORG_ID,ORG_DESC,ORG_SHORT,PARENT_CODE,ORG_LEVEL) VALUES (",02000341,AA,ส่วนบริหารโครงข่าย,BB,สข.(น),CC,00000068,DD,60,)
"INSERT INTO CHK_ORG (ORG_ID,ORG_DESC,ORG_SHORT,PARENT_CODE,ORG_LEVEL) VALUES (",02000342,AA,สำนักงานบริการลูกค้า กสท  เชียงใหม่,BB,สข.(น),CC,00000068,DD,61,)
"INSERT INTO CHK_ORG (ORG_ID,ORG_DESC,ORG_SHORT,PARENT_CODE,ORG_LEVEL) VALUES (",02000343,AA,สำนักงานบริการลูกค้า กสท  ฝาง,BB,สข.(น),CC,00000068,DD,61,)
"INSERT INTO CHK_ORG (ORG_ID,ORG_DESC,ORG_SHORT,PARENT_CODE,ORG_LEVEL) VALUES (",02000344,AA,สำนักงานบริการลูกค้า กสท  ลำพูน,BB,สข.(น),CC,00000068,DD,61,)
"INSERT INTO CHK_ORG (ORG_ID,ORG_DESC,ORG_SHORT,PARENT_CODE,ORG_LEVEL) VALUES (",02000345,AA,สำนักงานบริการลูกค้า กสท  ลำปาง,BB,สข.(น),CC,00000068,DD,61,)
"INSERT INTO CHK_ORG (ORG_ID,ORG_DESC,ORG_SHORT,PARENT_CODE,ORG_LEVEL) VALUES (",02000346,AA,สำนักงานบริการลูกค้า กสท  ปาย,BB,สข.(น),CC,00000068,DD,61,)
"INSERT INTO CHK_ORG (ORG_ID,ORG_DESC,ORG_SHORT,PARENT_CODE,ORG_LEVEL) VALUES (",02000347,AA,สำนักงานบริการลูกค้า กสท  เถิน,BB,สข.(น),CC,00000068,DD,61,)
"INSERT INTO CHK_ORG (ORG_ID,ORG_DESC,ORG_SHORT,PARENT_CODE,ORG_LEVEL) VALUES (",02000348,AA,สำนักงานบริการลูกค้า กสท  อุตรดิตถ์,BB,สข.(น),CC,00000068,DD,61,)
"INSERT INTO CHK_ORG (ORG_ID,ORG_DESC,ORG_SHORT,PARENT_CODE,ORG_LEVEL) VALUES (",02000349,AA,สำนักงานบริการลูกค้า กสท  แพร่,BB,สข.(น),CC,00000068,DD,61,)
"INSERT INTO CHK_ORG (ORG_ID,ORG_DESC,ORG_SHORT,PARENT_CODE,ORG_LEVEL) VALUES (",02000350,AA,สำนักงานบริการลูกค้า กสท  น่าน,BB,สข.(น),CC,00000068,DD,61,)
"INSERT INTO CHK_ORG (ORG_ID,ORG_DESC,ORG_SHORT,PARENT_CODE,ORG_LEVEL) VALUES (",02000351,AA,สำนักงานบริการลูกค้า กสท  พะเยา,BB,สข.(น),CC,00000068,DD,61,)
"INSERT INTO CHK_ORG (ORG_ID,ORG_DESC,ORG_SHORT,PARENT_CODE,ORG_LEVEL) VALUES (",02000352,AA,สำนักงานบริการลูกค้า กสท  เชียงราย,BB,สข.(น),CC,00000068,DD,61,)
"INSERT INTO CHK_ORG (ORG_ID,ORG_DESC,ORG_SHORT,PARENT_CODE,ORG_LEVEL) VALUES (",02000353,AA,สำนักงานบริการลูกค้า กสท  แม่สาย,BB,สข.(น),CC,00000068,DD,61,)
"INSERT INTO CHK_ORG (ORG_ID,ORG_DESC,ORG_SHORT,PARENT_CODE,ORG_LEVEL) VALUES (",02000354,AA,สำนักงานบริการลูกค้า กสท  แม่ฮ่องสอน,BB,สข.(น),CC,00000068,DD,61,)
"INSERT INTO CHK_ORG (ORG_ID,ORG_DESC,ORG_SHORT,PARENT_CODE,ORG_LEVEL) VALUES (",02000355,AA,สำนักงานบริการลูกค้า กสท  แม่สะเรียง,BB,สข.(น),CC,00000068,DD,61,)
"INSERT INTO CHK_ORG (ORG_ID,ORG_DESC,ORG_SHORT,PARENT_CODE,ORG_LEVEL) VALUES (",02000356,AA,สำนักงานบริการลูกค้า กสท  ตาก,BB,สข.(น),CC,00000068,DD,61,)
"INSERT INTO CHK_ORG (ORG_ID,ORG_DESC,ORG_SHORT,PARENT_CODE,ORG_LEVEL) VALUES (",02000357,AA,สำนักงานบริการลูกค้า กสท  แม่สอด,BB,สข.(น),CC,00000068,DD,61,)
"INSERT INTO CHK_ORG (ORG_ID,ORG_DESC,ORG_SHORT,PARENT_CODE,ORG_LEVEL) VALUES (",02000358,AA,สำนักงานบริการลูกค้า กสท  สุโขทัย,BB,สข.(น),CC,00000068,DD,61,)
"INSERT INTO CHK_ORG (ORG_ID,ORG_DESC,ORG_SHORT,PARENT_CODE,ORG_LEVEL) VALUES (",02000359,AA,สำนักงานบริการลูกค้า กสท  สวรรคโลก,BB,สข.(น),CC,00000068,DD,61,)
"INSERT INTO CHK_ORG (ORG_ID,ORG_DESC,ORG_SHORT,PARENT_CODE,ORG_LEVEL) VALUES (",02000360,AA,สำนักงานบริการลูกค้า กสท  พิษณุโลก,BB,สข.(น),CC,00000068,DD,61,)
"INSERT INTO CHK_ORG (ORG_ID,ORG_DESC,ORG_SHORT,PARENT_CODE,ORG_LEVEL) VALUES (",02000361,AA,ส่วนสนับสนุนงานบริการ,BB,สข.(อน),CC,00000069,DD,60,)
"INSERT INTO CHK_ORG (ORG_ID,ORG_DESC,ORG_SHORT,PARENT_CODE,ORG_LEVEL) VALUES (",02000362,AA,ส่วนตรวจสอบบัญชีการเงินและภาษี,BB,สข.(อน),CC,00000069,DD,60,)
"INSERT INTO CHK_ORG (ORG_ID,ORG_DESC,ORG_SHORT,PARENT_CODE,ORG_LEVEL) VALUES (",02000363,AA,ส่วนกฎหมายและรายได้,BB,สข.(อน),CC,00000069,DD,60,)
"INSERT INTO CHK_ORG (ORG_ID,ORG_DESC,ORG_SHORT,PARENT_CODE,ORG_LEVEL) VALUES (",02000364,AA,ส่วนการตลาดและการขาย,BB,สข.(อน),CC,00000069,DD,60,)
"INSERT INTO CHK_ORG (ORG_ID,ORG_DESC,ORG_SHORT,PARENT_CODE,ORG_LEVEL) VALUES (",02000365,AA,ส่วนบริหารโครงข่าย,BB,สข.(อน),CC,00000069,DD,60,)
"INSERT INTO CHK_ORG (ORG_ID,ORG_DESC,ORG_SHORT,PARENT_CODE,ORG_LEVEL) VALUES (",02000366,AA,สำนักงานบริการลูกค้า กสท  นครราชสีมา,BB,สข.(อน),CC,00000069,DD,61,)
"INSERT INTO CHK_ORG (ORG_ID,ORG_DESC,ORG_SHORT,PARENT_CODE,ORG_LEVEL) VALUES (",02000367,AA,สำนักงานบริการลูกค้า กสท  ปากช่อง,BB,สข.(อน),CC,00000069,DD,61,)
"INSERT INTO CHK_ORG (ORG_ID,ORG_DESC,ORG_SHORT,PARENT_CODE,ORG_LEVEL) VALUES (",02000368,AA,สำนักงานบริการลูกค้า กสท  บุรีรัมย์,BB,สข.(อน),CC,00000069,DD,61,)
"INSERT INTO CHK_ORG (ORG_ID,ORG_DESC,ORG_SHORT,PARENT_CODE,ORG_LEVEL) VALUES (",02000369,AA,สำนักงานบริการลูกค้า กสท  สุรินทร์,BB,สข.(อน),CC,00000069,DD,61,)
"INSERT INTO CHK_ORG (ORG_ID,ORG_DESC,ORG_SHORT,PARENT_CODE,ORG_LEVEL) VALUES (",02000370,AA,สำนักงานบริการลูกค้า กสท  ศรีสะเกษ,BB,สข.(อน),CC,00000069,DD,61,)
"INSERT INTO CHK_ORG (ORG_ID,ORG_DESC,ORG_SHORT,PARENT_CODE,ORG_LEVEL) VALUES (",02000371,AA,สำนักงานบริการลูกค้า กสท  อุบลราชธานี,BB,สข.(อน),CC,00000069,DD,61,)
"INSERT INTO CHK_ORG (ORG_ID,ORG_DESC,ORG_SHORT,PARENT_CODE,ORG_LEVEL) VALUES (",02000372,AA,สำนักงานบริการลูกค้า กสท  ยโสธร,BB,สข.(อน),CC,00000069,DD,61,)
"INSERT INTO CHK_ORG (ORG_ID,ORG_DESC,ORG_SHORT,PARENT_CODE,ORG_LEVEL) VALUES (",02000373,AA,สำนักงานบริการลูกค้า กสท  ชัยภูมิ,BB,สข.(อน),CC,00000069,DD,61,)
"INSERT INTO CHK_ORG (ORG_ID,ORG_DESC,ORG_SHORT,PARENT_CODE,ORG_LEVEL) VALUES (",02000374,AA,สำนักงานบริการลูกค้า กสท  อำนาจเจริญ,BB,สข.(อน),CC,00000069,DD,61,)
"INSERT INTO CHK_ORG (ORG_ID,ORG_DESC,ORG_SHORT,PARENT_CODE,ORG_LEVEL) VALUES (",02000375,AA,สำนักงานบริการลูกค้า กสท  หนองบัวลำภู,BB,สข.(อน),CC,00000069,DD,61,)
"INSERT INTO CHK_ORG (ORG_ID,ORG_DESC,ORG_SHORT,PARENT_CODE,ORG_LEVEL) VALUES (",02000376,AA,สำนักงานบริการลูกค้า กสท  ขอนแก่น,BB,สข.(อน),CC,00000069,DD,61,)
"INSERT INTO CHK_ORG (ORG_ID,ORG_DESC,ORG_SHORT,PARENT_CODE,ORG_LEVEL) VALUES (",02000377,AA,สำนักงานบริการลูกค้า กสท  บ้านไผ่,BB,สข.(อน),CC,00000069,DD,61,)
"INSERT INTO CHK_ORG (ORG_ID,ORG_DESC,ORG_SHORT,PARENT_CODE,ORG_LEVEL) VALUES (",02000378,AA,สำนักงานบริการลูกค้า กสท  ชุมแพ,BB,สข.(อน),CC,00000069,DD,61,)
"INSERT INTO CHK_ORG (ORG_ID,ORG_DESC,ORG_SHORT,PARENT_CODE,ORG_LEVEL) VALUES (",02000379,AA,สำนักงานบริการลูกค้า กสท  อุดรธานี,BB,สข.(อน),CC,00000069,DD,61,)
"INSERT INTO CHK_ORG (ORG_ID,ORG_DESC,ORG_SHORT,PARENT_CODE,ORG_LEVEL) VALUES (",02000380,AA,สำนักงานบริการลูกค้า กสท  เลย,BB,สข.(อน),CC,00000069,DD,61,)
"INSERT INTO CHK_ORG (ORG_ID,ORG_DESC,ORG_SHORT,PARENT_CODE,ORG_LEVEL) VALUES (",02000381,AA,สำนักงานบริการลูกค้า กสท  หนองคาย,BB,สข.(อน),CC,00000069,DD,61,)
"INSERT INTO CHK_ORG (ORG_ID,ORG_DESC,ORG_SHORT,PARENT_CODE,ORG_LEVEL) VALUES (",02000382,AA,สำนักงานบริการลูกค้า กสท  บึงกาฬ,BB,สข.(อน),CC,00000069,DD,61,)
"INSERT INTO CHK_ORG (ORG_ID,ORG_DESC,ORG_SHORT,PARENT_CODE,ORG_LEVEL) VALUES (",02000383,AA,สำนักงานบริการลูกค้า กสท  มหาสารคาม,BB,สข.(อน),CC,00000069,DD,61,)
"INSERT INTO CHK_ORG (ORG_ID,ORG_DESC,ORG_SHORT,PARENT_CODE,ORG_LEVEL) VALUES (",02000384,AA,สำนักงานบริการลูกค้า กสท  ร้อยเอ็ด,BB,สข.(อน),CC,00000069,DD,61,)
"INSERT INTO CHK_ORG (ORG_ID,ORG_DESC,ORG_SHORT,PARENT_CODE,ORG_LEVEL) VALUES (",02000385,AA,สำนักงานบริการลูกค้า กสท  กาฬสินธุ์,BB,สข.(อน),CC,00000069,DD,61,)
"INSERT INTO CHK_ORG (ORG_ID,ORG_DESC,ORG_SHORT,PARENT_CODE,ORG_LEVEL) VALUES (",02000386,AA,สำนักงานบริการลูกค้า กสท  สกลนคร,BB,สข.(อน),CC,00000069,DD,61,)
"INSERT INTO CHK_ORG (ORG_ID,ORG_DESC,ORG_SHORT,PARENT_CODE,ORG_LEVEL) VALUES (",02000387,AA,สำนักงานบริการลูกค้า กสท  นครพนม,BB,สข.(อน),CC,00000069,DD,61,)
"INSERT INTO CHK_ORG (ORG_ID,ORG_DESC,ORG_SHORT,PARENT_CODE,ORG_LEVEL) VALUES (",02000388,AA,สำนักงานบริการลูกค้า กสท  มุกดาหาร,BB,สข.(อน),CC,00000069,DD,61,)
"INSERT INTO CHK_ORG (ORG_ID,ORG_DESC,ORG_SHORT,PARENT_CODE,ORG_LEVEL) VALUES (",02000410,AA,ส่วนสนับสนุนงานบริการ,BB,สข.(ก),CC,00000070,DD,60,)
"INSERT INTO CHK_ORG (ORG_ID,ORG_DESC,ORG_SHORT,PARENT_CODE,ORG_LEVEL) VALUES (",02000411,AA,ส่วนตรวจสอบบัญชีการเงินและภาษี,BB,สข.(ก),CC,00000070,DD,60,)
"INSERT INTO CHK_ORG (ORG_ID,ORG_DESC,ORG_SHORT,PARENT_CODE,ORG_LEVEL) VALUES (",02000412,AA,ส่วนกฎหมายและรายได้,BB,สข.(ก),CC,00000070,DD,60,)
"INSERT INTO CHK_ORG (ORG_ID,ORG_DESC,ORG_SHORT,PARENT_CODE,ORG_LEVEL) VALUES (",02000413,AA,ส่วนการตลาดและการขาย,BB,สข.(ก),CC,00000070,DD,60,)
"INSERT INTO CHK_ORG (ORG_ID,ORG_DESC,ORG_SHORT,PARENT_CODE,ORG_LEVEL) VALUES (",02000414,AA,ส่วนบริหารโครงข่าย,BB,สข.(ก),CC,00000070,DD,60,)
"INSERT INTO CHK_ORG (ORG_ID,ORG_DESC,ORG_SHORT,PARENT_CODE,ORG_LEVEL) VALUES (",02000415,AA,สำนักงานบริการลูกค้า กสท พระนครศรีอยุธยา,BB,สข.(ก),CC,00000070,DD,61,)
"INSERT INTO CHK_ORG (ORG_ID,ORG_DESC,ORG_SHORT,PARENT_CODE,ORG_LEVEL) VALUES (",02000416,AA,สำนักงานบริการลูกค้า กสท  อ่างทอง,BB,สข.(ก),CC,00000070,DD,61,)
"INSERT INTO CHK_ORG (ORG_ID,ORG_DESC,ORG_SHORT,PARENT_CODE,ORG_LEVEL) VALUES (",02000417,AA,สำนักงานบริการลูกค้า กสท  ลพบุรี,BB,สข.(ก),CC,00000070,DD,61,)
"INSERT INTO CHK_ORG (ORG_ID,ORG_DESC,ORG_SHORT,PARENT_CODE,ORG_LEVEL) VALUES (",02000418,AA,สำนักงานบริการลูกค้า กสท  ชัยบาดาล,BB,สข.(ก),CC,00000070,DD,61,)
"INSERT INTO CHK_ORG (ORG_ID,ORG_DESC,ORG_SHORT,PARENT_CODE,ORG_LEVEL) VALUES (",02000419,AA,สำนักงานบริการลูกค้า กสท  สิงห์บุรี,BB,สข.(ก),CC,00000070,DD,61,)
"INSERT INTO CHK_ORG (ORG_ID,ORG_DESC,ORG_SHORT,PARENT_CODE,ORG_LEVEL) VALUES (",02000420,AA,สำนักงานบริการลูกค้า กสท  ชัยนาท,BB,สข.(ก),CC,00000070,DD,61,)
"INSERT INTO CHK_ORG (ORG_ID,ORG_DESC,ORG_SHORT,PARENT_CODE,ORG_LEVEL) VALUES (",02000421,AA,สำนักงานบริการลูกค้า กสท  สระบุรี,BB,สข.(ก),CC,00000070,DD,61,)
"INSERT INTO CHK_ORG (ORG_ID,ORG_DESC,ORG_SHORT,PARENT_CODE,ORG_LEVEL) VALUES (",02000422,AA,สำนักงานบริการลูกค้า กสท  นครสวรรค์,BB,สข.(ก),CC,00000070,DD,61,)
"INSERT INTO CHK_ORG (ORG_ID,ORG_DESC,ORG_SHORT,PARENT_CODE,ORG_LEVEL) VALUES (",02000423,AA,สำนักงานบริการลูกค้า กสท  ตาคลี,BB,สข.(ก),CC,00000070,DD,61,)
"INSERT INTO CHK_ORG (ORG_ID,ORG_DESC,ORG_SHORT,PARENT_CODE,ORG_LEVEL) VALUES (",02000424,AA,สำนักงานบริการลูกค้า กสท  อุทัยธานี,BB,สข.(ก),CC,00000070,DD,61,)
"INSERT INTO CHK_ORG (ORG_ID,ORG_DESC,ORG_SHORT,PARENT_CODE,ORG_LEVEL) VALUES (",02000425,AA,สำนักงานบริการลูกค้า กสท  กำแพงเพชร,BB,สข.(ก),CC,00000070,DD,61,)
"INSERT INTO CHK_ORG (ORG_ID,ORG_DESC,ORG_SHORT,PARENT_CODE,ORG_LEVEL) VALUES (",02000426,AA,สำนักงานบริการลูกค้า กสท  พิจิตร,BB,สข.(ก),CC,00000070,DD,61,)
"INSERT INTO CHK_ORG (ORG_ID,ORG_DESC,ORG_SHORT,PARENT_CODE,ORG_LEVEL) VALUES (",02000427,AA,สำนักงานบริการลูกค้า กสท  ตะพานหิน,BB,สข.(ก),CC,00000070,DD,61,)
"INSERT INTO CHK_ORG (ORG_ID,ORG_DESC,ORG_SHORT,PARENT_CODE,ORG_LEVEL) VALUES (",02000428,AA,สำนักงานบริการลูกค้า กสท  เพชรบูรณ์,BB,สข.(ก),CC,00000070,DD,61,)
"INSERT INTO CHK_ORG (ORG_ID,ORG_DESC,ORG_SHORT,PARENT_CODE,ORG_LEVEL) VALUES (",02000429,AA,สำนักงานบริการลูกค้า กสท  หล่มสัก,BB,สข.(ก),CC,00000070,DD,61,)
"INSERT INTO CHK_ORG (ORG_ID,ORG_DESC,ORG_SHORT,PARENT_CODE,ORG_LEVEL) VALUES (",02000430,AA,สำนักงานบริการลูกค้า กสท  หนองไผ่,BB,สข.(ก),CC,00000070,DD,61,)
"INSERT INTO CHK_ORG (ORG_ID,ORG_DESC,ORG_SHORT,PARENT_CODE,ORG_LEVEL) VALUES (",02000431,AA,ส่วนสนับสนุนงานบริการ,BB,สข.(อ),CC,00000071,DD,60,)
"INSERT INTO CHK_ORG (ORG_ID,ORG_DESC,ORG_SHORT,PARENT_CODE,ORG_LEVEL) VALUES (",02000432,AA,ส่วนตรวจสอบบัญชีการเงินและภาษี,BB,สข.(อ),CC,00000071,DD,60,)
"INSERT INTO CHK_ORG (ORG_ID,ORG_DESC,ORG_SHORT,PARENT_CODE,ORG_LEVEL) VALUES (",02000433,AA,ส่วนกฎหมายและรายได้,BB,สข.(อ),CC,00000071,DD,60,)
"INSERT INTO CHK_ORG (ORG_ID,ORG_DESC,ORG_SHORT,PARENT_CODE,ORG_LEVEL) VALUES (",02000434,AA,ส่วนการตลาดและการขาย,BB,สข.(อ),CC,00000071,DD,60,)
"INSERT INTO CHK_ORG (ORG_ID,ORG_DESC,ORG_SHORT,PARENT_CODE,ORG_LEVEL) VALUES (",02000435,AA,ส่วนบริหารโครงข่าย,BB,สข.(อ),CC,00000071,DD,60,)
"INSERT INTO CHK_ORG (ORG_ID,ORG_DESC,ORG_SHORT,PARENT_CODE,ORG_LEVEL) VALUES (",02000437,AA,สำนักงานบริการลูกค้า กสท  ชลบุรี,BB,สข.(อ),CC,00000071,DD,61,)
"INSERT INTO CHK_ORG (ORG_ID,ORG_DESC,ORG_SHORT,PARENT_CODE,ORG_LEVEL) VALUES (",02000438,AA,สำนักงานบริการลูกค้า กสท  สัตหีบ,BB,สข.(อ),CC,00000071,DD,61,)
"INSERT INTO CHK_ORG (ORG_ID,ORG_DESC,ORG_SHORT,PARENT_CODE,ORG_LEVEL) VALUES (",02000439,AA,สำนักงานบริการลูกค้า กสท  แหลมฉบัง,BB,สข.(อ),CC,00000071,DD,61,)
"INSERT INTO CHK_ORG (ORG_ID,ORG_DESC,ORG_SHORT,PARENT_CODE,ORG_LEVEL) VALUES (",02000440,AA,สำนักงานบริการลูกค้า กสท  พัทยา,BB,สข.(อ),CC,00000071,DD,61,)
"INSERT INTO CHK_ORG (ORG_ID,ORG_DESC,ORG_SHORT,PARENT_CODE,ORG_LEVEL) VALUES (",02000441,AA,สำนักงานบริการลูกค้า กสท  ระยอง,BB,สข.(อ),CC,00000071,DD,61,)
"INSERT INTO CHK_ORG (ORG_ID,ORG_DESC,ORG_SHORT,PARENT_CODE,ORG_LEVEL) VALUES (",02000442,AA,สำนักงานบริการลูกค้า กสท  มาบตาพุด,BB,สข.(อ),CC,00000071,DD,61,)
"INSERT INTO CHK_ORG (ORG_ID,ORG_DESC,ORG_SHORT,PARENT_CODE,ORG_LEVEL) VALUES (",02000443,AA,สำนักงานบริการลูกค้า กสท  จันทบุรี,BB,สข.(อ),CC,00000071,DD,61,)
"INSERT INTO CHK_ORG (ORG_ID,ORG_DESC,ORG_SHORT,PARENT_CODE,ORG_LEVEL) VALUES (",02000444,AA,สำนักงานบริการลูกค้า กสท  ตราด,BB,สข.(อ),CC,00000071,DD,61,)
"INSERT INTO CHK_ORG (ORG_ID,ORG_DESC,ORG_SHORT,PARENT_CODE,ORG_LEVEL) VALUES (",02000445,AA,สำนักงานบริการลูกค้า กสท  ฉะเชิงเทรา,BB,สข.(อ),CC,00000071,DD,61,)
"INSERT INTO CHK_ORG (ORG_ID,ORG_DESC,ORG_SHORT,PARENT_CODE,ORG_LEVEL) VALUES (",02000446,AA,สำนักงานบริการลูกค้า กสท  ปราจีนบุรี,BB,สข.(อ),CC,00000071,DD,61,)
"INSERT INTO CHK_ORG (ORG_ID,ORG_DESC,ORG_SHORT,PARENT_CODE,ORG_LEVEL) VALUES (",02000447,AA,สำนักงานบริการลูกค้า กสท  กบินทร์บุรี,BB,สข.(อ),CC,00000071,DD,61,)
"INSERT INTO CHK_ORG (ORG_ID,ORG_DESC,ORG_SHORT,PARENT_CODE,ORG_LEVEL) VALUES (",02000448,AA,สำนักงานบริการลูกค้า กสท  นครนายก,BB,สข.(อ),CC,00000071,DD,61,)
"INSERT INTO CHK_ORG (ORG_ID,ORG_DESC,ORG_SHORT,PARENT_CODE,ORG_LEVEL) VALUES (",02000449,AA,สำนักงานบริการลูกค้า กสท  สระแก้ว,BB,สข.(อ),CC,00000071,DD,61,)
"INSERT INTO CHK_ORG (ORG_ID,ORG_DESC,ORG_SHORT,PARENT_CODE,ORG_LEVEL) VALUES (",02000450,AA,สำนักงานบริการลูกค้า กสท  อรัญประเทศ,BB,สข.(อ),CC,00000071,DD,61,)
"INSERT INTO CHK_ORG (ORG_ID,ORG_DESC,ORG_SHORT,PARENT_CODE,ORG_LEVEL) VALUES (",02000451,AA,ส่วนสนับสนุนงานบริการ,BB,สข.(ตต),CC,00000072,DD,60,)
"INSERT INTO CHK_ORG (ORG_ID,ORG_DESC,ORG_SHORT,PARENT_CODE,ORG_LEVEL) VALUES (",02000452,AA,ส่วนตรวจสอบบัญชีการเงินและภาษี,BB,สข.(ตต),CC,00000072,DD,60,)
"INSERT INTO CHK_ORG (ORG_ID,ORG_DESC,ORG_SHORT,PARENT_CODE,ORG_LEVEL) VALUES (",02000453,AA,ส่วนกฎหมายและรายได้,BB,สข.(ตต),CC,00000072,DD,60,)
"INSERT INTO CHK_ORG (ORG_ID,ORG_DESC,ORG_SHORT,PARENT_CODE,ORG_LEVEL) VALUES (",02000454,AA,ส่วนการตลาดและการขาย,BB,สข.(ตต),CC,00000072,DD,60,)
"INSERT INTO CHK_ORG (ORG_ID,ORG_DESC,ORG_SHORT,PARENT_CODE,ORG_LEVEL) VALUES (",02000455,AA,ส่วนบริหารโครงข่าย,BB,สข.(ตต),CC,00000072,DD,60,)
"INSERT INTO CHK_ORG (ORG_ID,ORG_DESC,ORG_SHORT,PARENT_CODE,ORG_LEVEL) VALUES (",02000456,AA,สำนักงานบริการลูกค้า กสท  ราชบุรี,BB,สข.(ตต),CC,00000072,DD,61,)
"INSERT INTO CHK_ORG (ORG_ID,ORG_DESC,ORG_SHORT,PARENT_CODE,ORG_LEVEL) VALUES (",02000457,AA,สำนักงานบริการลูกค้า กสท  บ้านโป่ง,BB,สข.(ตต),CC,00000072,DD,61,)
"INSERT INTO CHK_ORG (ORG_ID,ORG_DESC,ORG_SHORT,PARENT_CODE,ORG_LEVEL) VALUES (",02000458,AA,สำนักงานบริการลูกค้า กสท  กาญจนบุรี,BB,สข.(ตต),CC,00000072,DD,61,)
"INSERT INTO CHK_ORG (ORG_ID,ORG_DESC,ORG_SHORT,PARENT_CODE,ORG_LEVEL) VALUES (",02000459,AA,สำนักงานบริการลูกค้า กสท  สุพรรณบุรี,BB,สข.(ตต),CC,00000072,DD,61,)
"INSERT INTO CHK_ORG (ORG_ID,ORG_DESC,ORG_SHORT,PARENT_CODE,ORG_LEVEL) VALUES (",02000460,AA,สำนักงานบริการลูกค้า กสท  นครปฐม,BB,สข.(ตต),CC,00000072,DD,61,)
"INSERT INTO CHK_ORG (ORG_ID,ORG_DESC,ORG_SHORT,PARENT_CODE,ORG_LEVEL) VALUES (",02000461,AA,สำนักงานบริการลูกค้า กสท  สมุทรสาคร,BB,สข.(ตต),CC,00000072,DD,61,)
"INSERT INTO CHK_ORG (ORG_ID,ORG_DESC,ORG_SHORT,PARENT_CODE,ORG_LEVEL) VALUES (",02000462,AA,สำนักงานบริการลูกค้า กสท  กระทุ่มแบน,BB,สข.(ตต),CC,00000072,DD,61,)
"INSERT INTO CHK_ORG (ORG_ID,ORG_DESC,ORG_SHORT,PARENT_CODE,ORG_LEVEL) VALUES (",02000463,AA,สำนักงานบริการลูกค้า กสท  สมุทรสงคราม,BB,สข.(ตต),CC,00000072,DD,61,)
"INSERT INTO CHK_ORG (ORG_ID,ORG_DESC,ORG_SHORT,PARENT_CODE,ORG_LEVEL) VALUES (",02000464,AA,สำนักงานบริการลูกค้า กสท  เพชรบุรี,BB,สข.(ตต),CC,00000072,DD,61,)
"INSERT INTO CHK_ORG (ORG_ID,ORG_DESC,ORG_SHORT,PARENT_CODE,ORG_LEVEL) VALUES (",02000465,AA,สำนักงานบริการลูกค้า กสท  ชะอำ,BB,สข.(ตต),CC,00000072,DD,61,)
"INSERT INTO CHK_ORG (ORG_ID,ORG_DESC,ORG_SHORT,PARENT_CODE,ORG_LEVEL) VALUES (",02000466,AA,สำนักงานบริการลูกค้า กสท ประจวบคีรีขันธ์,BB,สข.(ตต),CC,00000072,DD,61,)
"INSERT INTO CHK_ORG (ORG_ID,ORG_DESC,ORG_SHORT,PARENT_CODE,ORG_LEVEL) VALUES (",02000467,AA,สำนักงานบริการลูกค้า กสท  หัวหิน,BB,สข.(ตต),CC,00000072,DD,61,)
"INSERT INTO CHK_ORG (ORG_ID,ORG_DESC,ORG_SHORT,PARENT_CODE,ORG_LEVEL) VALUES (",02000468,AA,สำนักงานบริการลูกค้า กสท  ระนอง,BB,สข.(ตต),CC,00000072,DD,61,)
"INSERT INTO CHK_ORG (ORG_ID,ORG_DESC,ORG_SHORT,PARENT_CODE,ORG_LEVEL) VALUES (",02000469,AA,สำนักงานบริการลูกค้า กสท  ชุมพร,BB,สข.(ตต),CC,00000072,DD,61,)
"INSERT INTO CHK_ORG (ORG_ID,ORG_DESC,ORG_SHORT,PARENT_CODE,ORG_LEVEL) VALUES (",02000470,AA,ส่วนสนับสนุนงานบริการ,BB,สข.(ต),CC,00000073,DD,60,)
"INSERT INTO CHK_ORG (ORG_ID,ORG_DESC,ORG_SHORT,PARENT_CODE,ORG_LEVEL) VALUES (",02000471,AA,ส่วนตรวจสอบบัญชีการเงินและภาษี,BB,สข.(ต),CC,00000073,DD,60,)
"INSERT INTO CHK_ORG (ORG_ID,ORG_DESC,ORG_SHORT,PARENT_CODE,ORG_LEVEL) VALUES (",02000472,AA,ส่วนกฎหมายและรายได้,BB,สข.(ต),CC,00000073,DD,60,)
"INSERT INTO CHK_ORG (ORG_ID,ORG_DESC,ORG_SHORT,PARENT_CODE,ORG_LEVEL) VALUES (",02000473,AA,ส่วนการตลาดและการขาย,BB,สข.(ต),CC,00000073,DD,60,)
"INSERT INTO CHK_ORG (ORG_ID,ORG_DESC,ORG_SHORT,PARENT_CODE,ORG_LEVEL) VALUES (",02000474,AA,ส่วนบริหารโครงข่าย,BB,สข.(ต),CC,00000073,DD,60,)
"INSERT INTO CHK_ORG (ORG_ID,ORG_DESC,ORG_SHORT,PARENT_CODE,ORG_LEVEL) VALUES (",02000475,AA,สำนักงานบริการลูกค้า กสท  นครศรีธรรมราช,BB,สข.(ต),CC,00000073,DD,61,)
"INSERT INTO CHK_ORG (ORG_ID,ORG_DESC,ORG_SHORT,PARENT_CODE,ORG_LEVEL) VALUES (",02000476,AA,สำนักงานบริการลูกค้า กสท   ทุ่งสง,BB,สข.(ต),CC,00000073,DD,61,)
"INSERT INTO CHK_ORG (ORG_ID,ORG_DESC,ORG_SHORT,PARENT_CODE,ORG_LEVEL) VALUES (",02000477,AA,สำนักงานบริการลูกค้า กสท  กระบี่,BB,สข.(ต),CC,00000073,DD,61,)
"INSERT INTO CHK_ORG (ORG_ID,ORG_DESC,ORG_SHORT,PARENT_CODE,ORG_LEVEL) VALUES (",02000478,AA,สำนักงานบริการลูกค้า กสท  พังงา,BB,สข.(ต),CC,00000073,DD,61,)
"INSERT INTO CHK_ORG (ORG_ID,ORG_DESC,ORG_SHORT,PARENT_CODE,ORG_LEVEL) VALUES (",02000479,AA,สำนักงานบริการลูกค้า กสท  ตะกั่วป่า,BB,สข.(ต),CC,00000073,DD,61,)
"INSERT INTO CHK_ORG (ORG_ID,ORG_DESC,ORG_SHORT,PARENT_CODE,ORG_LEVEL) VALUES (",02000480,AA,สำนักงานบริการลูกค้า กสท  ภูเก็ต,BB,สข.(ต),CC,00000073,DD,61,)
"INSERT INTO CHK_ORG (ORG_ID,ORG_DESC,ORG_SHORT,PARENT_CODE,ORG_LEVEL) VALUES (",02000481,AA,สำนักงานบริการลูกค้า กสท  ป่าตอง,BB,สข.(ต),CC,00000073,DD,61,)
"INSERT INTO CHK_ORG (ORG_ID,ORG_DESC,ORG_SHORT,PARENT_CODE,ORG_LEVEL) VALUES (",02000482,AA,สำนักงานบริการลูกค้า กสท  สุราษฎร์ธานี,BB,สข.(ต),CC,00000073,DD,61,)
"INSERT INTO CHK_ORG (ORG_ID,ORG_DESC,ORG_SHORT,PARENT_CODE,ORG_LEVEL) VALUES (",02000483,AA,สำนักงานบริการลูกค้า กสท  เกาะสมุย,BB,สข.(ต),CC,00000073,DD,61,)
"INSERT INTO CHK_ORG (ORG_ID,ORG_DESC,ORG_SHORT,PARENT_CODE,ORG_LEVEL) VALUES (",02000484,AA,สำนักงานบริการลูกค้า กสท  สงขลา,BB,สข.(ต),CC,00000073,DD,61,)
"INSERT INTO CHK_ORG (ORG_ID,ORG_DESC,ORG_SHORT,PARENT_CODE,ORG_LEVEL) VALUES (",02000485,AA,สำนักงานบริการลูกค้า กสท  หาดใหญ่,BB,สข.(ต),CC,00000073,DD,61,)
"INSERT INTO CHK_ORG (ORG_ID,ORG_DESC,ORG_SHORT,PARENT_CODE,ORG_LEVEL) VALUES (",02000486,AA,สำนักงานบริการลูกค้า กสท  สตูล,BB,สข.(ต),CC,00000073,DD,61,)
"INSERT INTO CHK_ORG (ORG_ID,ORG_DESC,ORG_SHORT,PARENT_CODE,ORG_LEVEL) VALUES (",02000487,AA,สำนักงานบริการลูกค้า กสท  ตรัง,BB,สข.(ต),CC,00000073,DD,61,)
"INSERT INTO CHK_ORG (ORG_ID,ORG_DESC,ORG_SHORT,PARENT_CODE,ORG_LEVEL) VALUES (",02000488,AA,สำนักงานบริการลูกค้า กสท  พัทลุง,BB,สข.(ต),CC,00000073,DD,61,)
"INSERT INTO CHK_ORG (ORG_ID,ORG_DESC,ORG_SHORT,PARENT_CODE,ORG_LEVEL) VALUES (",02000489,AA,สำนักงานบริการลูกค้า กสท  ปัตตานี,BB,สข.(ต),CC,00000073,DD,61,)
"INSERT INTO CHK_ORG (ORG_ID,ORG_DESC,ORG_SHORT,PARENT_CODE,ORG_LEVEL) VALUES (",02000490,AA,สำนักงานบริการลูกค้า กสท  ยะลา,BB,สข.(ต),CC,00000073,DD,61,)
"INSERT INTO CHK_ORG (ORG_ID,ORG_DESC,ORG_SHORT,PARENT_CODE,ORG_LEVEL) VALUES (",02000491,AA,สำนักงานบริการลูกค้า กสท  เบตง,BB,สข.(ต),CC,00000073,DD,61,)
"INSERT INTO CHK_ORG (ORG_ID,ORG_DESC,ORG_SHORT,PARENT_CODE,ORG_LEVEL) VALUES (",02000492,AA,สำนักงานบริการลูกค้า กสท  นราธิวาส,BB,สข.(ต),CC,00000073,DD,61,)
"INSERT INTO CHK_ORG (ORG_ID,ORG_DESC,ORG_SHORT,PARENT_CODE,ORG_LEVEL) VALUES (",02000494,AA,ส่วนบริหารสัญญา  DTAC,BB,สม.,CC,00000082,DD,60,)
"INSERT INTO CHK_ORG (ORG_ID,ORG_DESC,ORG_SHORT,PARENT_CODE,ORG_LEVEL) VALUES (",02000495,AA,ส่วนบริหารผลประโยชน์ DTAC,BB,สม.,CC,00000082,DD,60,)
"INSERT INTO CHK_ORG (ORG_ID,ORG_DESC,ORG_SHORT,PARENT_CODE,ORG_LEVEL) VALUES (",02000496,AA,ส่วนบริหารสัญญา  True Move,BB,สม.,CC,00000082,DD,60,)
"INSERT INTO CHK_ORG (ORG_ID,ORG_DESC,ORG_SHORT,PARENT_CODE,ORG_LEVEL) VALUES (",02000497,AA,ส่วนบริหารผลประโยชน์  True Move,BB,สม.,CC,00000082,DD,60,)
"INSERT INTO CHK_ORG (ORG_ID,ORG_DESC,ORG_SHORT,PARENT_CODE,ORG_LEVEL) VALUES (",02000498,AA,ส่วนบริหารสัญญา  DPC,BB,สม.,CC,00000082,DD,60,)
"INSERT INTO CHK_ORG (ORG_ID,ORG_DESC,ORG_SHORT,PARENT_CODE,ORG_LEVEL) VALUES (",02000499,AA,ส่วนบริหารผลประโยชน์  DPC,BB,สม.,CC,00000082,DD,60,)
"INSERT INTO CHK_ORG (ORG_ID,ORG_DESC,ORG_SHORT,PARENT_CODE,ORG_LEVEL) VALUES (",02000501,AA,ส่วนตรวจสอบบัญชีและการเงิน 2,BB,สม.,CC,00000082,DD,60,)
"INSERT INTO CHK_ORG (ORG_ID,ORG_DESC,ORG_SHORT,PARENT_CODE,ORG_LEVEL) VALUES (",02000502,AA,ส่วนตรวจสอบบัญชีและการเงิน 1,BB,สม.,CC,00000082,DD,60,)
"INSERT INTO CHK_ORG (ORG_ID,ORG_DESC,ORG_SHORT,PARENT_CODE,ORG_LEVEL) VALUES (",02000503,AA,ส่วนขายส่งบริการสื่อสารไร้สาย,BB,ธต.,CC,00000059,DD,60,)
"INSERT INTO CHK_ORG (ORG_ID,ORG_DESC,ORG_SHORT,PARENT_CODE,ORG_LEVEL) VALUES (",02000504,AA,ส่วนตรวจสอบและจ่ายเงินตามสัญญา,BB,ธต.,CC,00000059,DD,60,)
"INSERT INTO CHK_ORG (ORG_ID,ORG_DESC,ORG_SHORT,PARENT_CODE,ORG_LEVEL) VALUES (",02000506,AA,ส่วนบริหารทรัพย์สินและเทคนิค  DTAC,BB,ทม.,CC,00000083,DD,60,)
"INSERT INTO CHK_ORG (ORG_ID,ORG_DESC,ORG_SHORT,PARENT_CODE,ORG_LEVEL) VALUES (",02000507,AA,ส่วนบริหารทรัพย์สินและเทคนิค  True Move,BB,ทม.,CC,00000083,DD,60,)
"INSERT INTO CHK_ORG (ORG_ID,ORG_DESC,ORG_SHORT,PARENT_CODE,ORG_LEVEL) VALUES (",02000508,AA,ส่วนบริหารทรัพย์สินและเทคนิค  DPC,BB,ทม.,CC,00000083,DD,60,)
"INSERT INTO CHK_ORG (ORG_ID,ORG_DESC,ORG_SHORT,PARENT_CODE,ORG_LEVEL) VALUES (",02000509,AA,ส่วนบริหารทรัพย์สินและเทคนิค  Non  POTS,BB,ทม.,CC,00000083,DD,60,)
"INSERT INTO CHK_ORG (ORG_ID,ORG_DESC,ORG_SHORT,PARENT_CODE,ORG_LEVEL) VALUES (",02000510,AA,ส่วนบริหารทรัพย์สินและเทคนิคร่วมการงาน,BB,ทม.,CC,00000083,DD,60,)
"INSERT INTO CHK_ORG (ORG_ID,ORG_DESC,ORG_SHORT,PARENT_CODE,ORG_LEVEL) VALUES (",02000511,AA,ส่วนค่าเชื่อมต่อโครงข่ายโทรคมนาคม,BB,กง.,CC,00000088,DD,60,)
"INSERT INTO CHK_ORG (ORG_ID,ORG_DESC,ORG_SHORT,PARENT_CODE,ORG_LEVEL) VALUES (",02000512,AA,ส่วนวิเคราะห์และพัฒนา,BB,ทม.,CC,00000083,DD,60,)
"INSERT INTO CHK_ORG (ORG_ID,ORG_DESC,ORG_SHORT,PARENT_CODE,ORG_LEVEL) VALUES (",02000513,AA,ส่วนวางแผนการเงินและการลงทุน,BB,วง.,CC,00000087,DD,60,)
"INSERT INTO CHK_ORG (ORG_ID,ORG_DESC,ORG_SHORT,PARENT_CODE,ORG_LEVEL) VALUES (",02000514,AA,ส่วนงบประมาณทำการ,BB,วง.,CC,00000087,DD,60,)
"INSERT INTO CHK_ORG (ORG_ID,ORG_DESC,ORG_SHORT,PARENT_CODE,ORG_LEVEL) VALUES (",02000515,AA,ส่วนงบประมาณลงทุน,BB,วง.,CC,00000087,DD,60,)
"INSERT INTO CHK_ORG (ORG_ID,ORG_DESC,ORG_SHORT,PARENT_CODE,ORG_LEVEL) VALUES (",02000516,AA,ส่วนติดตามและประเมินผล,BB,วง.,CC,00000087,DD,60,)
"INSERT INTO CHK_ORG (ORG_ID,ORG_DESC,ORG_SHORT,PARENT_CODE,ORG_LEVEL) VALUES (",02000517,AA,ส่วนรับจ่ายเงิน,BB,กง.,CC,00000088,DD,60,)
"INSERT INTO CHK_ORG (ORG_ID,ORG_DESC,ORG_SHORT,PARENT_CODE,ORG_LEVEL) VALUES (",02000518,AA,ส่วนสั่งจ่าย,BB,กง.,CC,00000088,DD,60,)
"INSERT INTO CHK_ORG (ORG_ID,ORG_DESC,ORG_SHORT,PARENT_CODE,ORG_LEVEL) VALUES (",02000519,AA,ส่วนพัฒนาบริหารการเงิน,BB,กง.,CC,00000088,DD,60,)
"INSERT INTO CHK_ORG (ORG_ID,ORG_DESC,ORG_SHORT,PARENT_CODE,ORG_LEVEL) VALUES (",02000520,AA,ส่วนบัญชีเงินฝาก,BB,กง.,CC,00000088,DD,60,)
"INSERT INTO CHK_ORG (ORG_ID,ORG_DESC,ORG_SHORT,PARENT_CODE,ORG_LEVEL) VALUES (",02000521,AA,ส่วนส่วนแบ่งโทรคมนาคมระหว่างประเทศ,BB,กง.,CC,00000088,DD,60,)
"INSERT INTO CHK_ORG (ORG_ID,ORG_DESC,ORG_SHORT,PARENT_CODE,ORG_LEVEL) VALUES (",02000522,AA,ส่วนวางแผนและพัฒนาสินทรัพย์,BB,สอ.,CC,00000089,DD,60,)
"INSERT INTO CHK_ORG (ORG_ID,ORG_DESC,ORG_SHORT,PARENT_CODE,ORG_LEVEL) VALUES (",02000523,AA,ส่วนบริหารที่ดิน อาคาร และสิ่งปลูกสร้าง,BB,สอ.,CC,00000089,DD,60,)
"INSERT INTO CHK_ORG (ORG_ID,ORG_DESC,ORG_SHORT,PARENT_CODE,ORG_LEVEL) VALUES (",02000524,AA,ส่วนจัดการและติดตามงานพัฒนาสินทรัพย์,BB,สอ.,CC,00000089,DD,60,)
"INSERT INTO CHK_ORG (ORG_ID,ORG_DESC,ORG_SHORT,PARENT_CODE,ORG_LEVEL) VALUES (",02000525,AA,ส่วนบริหารสัญญาและผลประโยชน์สินทรัพย์,BB,สอ.,CC,00000089,DD,60,)
"INSERT INTO CHK_ORG (ORG_ID,ORG_DESC,ORG_SHORT,PARENT_CODE,ORG_LEVEL) VALUES (",02000526,AA,ส่วนประมวลบัญชีและรายงาน,BB,ชง.,CC,00000084,DD,60,)
"INSERT INTO CHK_ORG (ORG_ID,ORG_DESC,ORG_SHORT,PARENT_CODE,ORG_LEVEL) VALUES (",02000527,AA,ส่วนพัฒนาระบบบัญชีการเงิน,BB,ชง.,CC,00000084,DD,60,)
"INSERT INTO CHK_ORG (ORG_ID,ORG_DESC,ORG_SHORT,PARENT_CODE,ORG_LEVEL) VALUES (",02000528,AA,ส่วนบัญชีเงินลงทุนและจัดทำข้อมูลรายรับรา,BB,ชง.,CC,00000084,DD,60,)
"INSERT INTO CHK_ORG (ORG_ID,ORG_DESC,ORG_SHORT,PARENT_CODE,ORG_LEVEL) VALUES (",02000529,AA,ส่วนบัญชีสินทรัพย์ส่วนกลาง,BB,ชง.,CC,00000084,DD,60,)
"INSERT INTO CHK_ORG (ORG_ID,ORG_DESC,ORG_SHORT,PARENT_CODE,ORG_LEVEL) VALUES (",02000530,AA,ส่วนบัญชีแยกประเภทย่อยอื่น,BB,ชง.,CC,00000084,DD,60,)
"INSERT INTO CHK_ORG (ORG_ID,ORG_DESC,ORG_SHORT,PARENT_CODE,ORG_LEVEL) VALUES (",02000531,AA,ส่วนบัญชีภาษีมูลค่าเพิ่มส่วนกลาง,BB,ชง.,CC,00000084,DD,60,)
"INSERT INTO CHK_ORG (ORG_ID,ORG_DESC,ORG_SHORT,PARENT_CODE,ORG_LEVEL) VALUES (",02000532,AA,ส่วนบัญชีภาษีเงินได้นิติบุคคล,BB,ชง.,CC,00000084,DD,60,)
"INSERT INTO CHK_ORG (ORG_ID,ORG_DESC,ORG_SHORT,PARENT_CODE,ORG_LEVEL) VALUES (",02000535,AA,ส่วนธุรการรวมบุคคล สวัสดิการและสารบรรณ,BB,ธบง.,CC,00000014,DD,60,)
"INSERT INTO CHK_ORG (ORG_ID,ORG_DESC,ORG_SHORT,PARENT_CODE,ORG_LEVEL) VALUES (",02000536,AA,ส่วนพัฒนาระบบบัญชีบริหาร,BB,บง.,CC,00000085,DD,60,)
"INSERT INTO CHK_ORG (ORG_ID,ORG_DESC,ORG_SHORT,PARENT_CODE,ORG_LEVEL) VALUES (",02000537,AA,ส่วนจัดทำฐานข้อมูล,BB,บง.,CC,00000085,DD,60,)
"INSERT INTO CHK_ORG (ORG_ID,ORG_DESC,ORG_SHORT,PARENT_CODE,ORG_LEVEL) VALUES (",02000538,AA,ส่วนต้นทุนบริการและผลิตภัณฑ์,BB,บง.,CC,00000085,DD,60,)
"INSERT INTO CHK_ORG (ORG_ID,ORG_DESC,ORG_SHORT,PARENT_CODE,ORG_LEVEL) VALUES (",02000539,AA,ส่วนวิเคราะห์บัญชีบริหาร,BB,บง.,CC,00000085,DD,60,)
"INSERT INTO CHK_ORG (ORG_ID,ORG_DESC,ORG_SHORT,PARENT_CODE,ORG_LEVEL) VALUES (",02000540,AA,ส่วนบัญชีลูกหนี้บริการในประเทศส่วนกลาง,BB,ลง.,CC,00000086,DD,60,)
"INSERT INTO CHK_ORG (ORG_ID,ORG_DESC,ORG_SHORT,PARENT_CODE,ORG_LEVEL) VALUES (",02000541,AA,ส่วนบัญชีลูกหนี้บริการในประเทศส่วนภูมิภา,BB,ลง.,CC,00000086,DD,60,)
"INSERT INTO CHK_ORG (ORG_ID,ORG_DESC,ORG_SHORT,PARENT_CODE,ORG_LEVEL) VALUES (",02000542,AA,ส่วนพัฒนาระบบบัญชีลูกหนี้เจ้าหนี้,BB,ลง.,CC,00000086,DD,60,)
"INSERT INTO CHK_ORG (ORG_ID,ORG_DESC,ORG_SHORT,PARENT_CODE,ORG_LEVEL) VALUES (",02000543,AA,ส่วนบัญชีลูกหนี้เจ้าหนี้ต่างประเทศ,BB,ลง.,CC,00000086,DD,60,)
"INSERT INTO CHK_ORG (ORG_ID,ORG_DESC,ORG_SHORT,PARENT_CODE,ORG_LEVEL) VALUES (",02000544,AA,ส่วนบัญชีเจ้าหนี้ในประเทศ,BB,ลง.,CC,00000086,DD,60,)
"INSERT INTO CHK_ORG (ORG_ID,ORG_DESC,ORG_SHORT,PARENT_CODE,ORG_LEVEL) VALUES (",02000545,AA,ส่วนตรวจสอบเจ้าหนี้ภาคเอกชนส่วนกลาง,BB,ลง.,CC,00000086,DD,60,)
"INSERT INTO CHK_ORG (ORG_ID,ORG_DESC,ORG_SHORT,PARENT_CODE,ORG_LEVEL) VALUES (",02000546,AA,ส่วนตรวจสอบเจ้าหนี้ภาครัฐและพนักงานส่วนก,BB,ลง.,CC,00000086,DD,60,)
"INSERT INTO CHK_ORG (ORG_ID,ORG_DESC,ORG_SHORT,PARENT_CODE,ORG_LEVEL) VALUES (",02000547,AA,ส่วนบัญชีลูกหนี้อื่นในประเทศ,BB,ลง.,CC,00000086,DD,60,)
"INSERT INTO CHK_ORG (ORG_ID,ORG_DESC,ORG_SHORT,PARENT_CODE,ORG_LEVEL) VALUES (",02000548,AA,ส่วนวางแผน,BB,พอ.,CC,00000093,DD,60,)
"INSERT INTO CHK_ORG (ORG_ID,ORG_DESC,ORG_SHORT,PARENT_CODE,ORG_LEVEL) VALUES (",02000549,AA,ส่วนจัดหาเพื่อธุรกิจเทคโนโลยีสารสนเทศ,BB,พอ.,CC,00000093,DD,60,)
"INSERT INTO CHK_ORG (ORG_ID,ORG_DESC,ORG_SHORT,PARENT_CODE,ORG_LEVEL) VALUES (",02000550,AA,ส่วนจัดหาเพื่อหน่วยงานสนับสนุนและการจ้าง,BB,พอ.,CC,00000093,DD,60,)
"INSERT INTO CHK_ORG (ORG_ID,ORG_DESC,ORG_SHORT,PARENT_CODE,ORG_LEVEL) VALUES (",02000551,AA,ส่วนการจ้างก่อสร้าง,BB,พอ.,CC,00000093,DD,60,)
"INSERT INTO CHK_ORG (ORG_ID,ORG_DESC,ORG_SHORT,PARENT_CODE,ORG_LEVEL) VALUES (",02000552,AA,ส่วนบริหารครุภัณฑ์และคลังพัสดุ,BB,พอ.,CC,00000093,DD,60,)
"INSERT INTO CHK_ORG (ORG_ID,ORG_DESC,ORG_SHORT,PARENT_CODE,ORG_LEVEL) VALUES (",02000553,AA,ส่วนจัดหาเพื่อธุรกิจโครงข่ายและการตลาด 1,BB,พอ.,CC,00000093,DD,60,)
"INSERT INTO CHK_ORG (ORG_ID,ORG_DESC,ORG_SHORT,PARENT_CODE,ORG_LEVEL) VALUES (",02000554,AA,ส่วนจัดหาเพื่อธุรกิจโครงข่าย,BB,พอ.,CC,00000093,DD,60,)
"INSERT INTO CHK_ORG (ORG_ID,ORG_DESC,ORG_SHORT,PARENT_CODE,ORG_LEVEL) VALUES (",02000557,AA,ส่วนจัดหาเพื่อธุรกิจสื่อสารไร้สายและการเ,BB,พอ.,CC,00000093,DD,60,)
"INSERT INTO CHK_ORG (ORG_ID,ORG_DESC,ORG_SHORT,PARENT_CODE,ORG_LEVEL) VALUES (",02000558,AA,ส่วนจัดหาเพื่อธุรกิจการตลาด,BB,พอ.,CC,00000093,DD,60,)
"INSERT INTO CHK_ORG (ORG_ID,ORG_DESC,ORG_SHORT,PARENT_CODE,ORG_LEVEL) VALUES (",02000559,AA,ส่วนสำรวจปรับปรุงและควบคุมงาน,BB,ยอ.,CC,00000094,DD,60,)
"INSERT INTO CHK_ORG (ORG_ID,ORG_DESC,ORG_SHORT,PARENT_CODE,ORG_LEVEL) VALUES (",02000560,AA,ส่วนสถาปัตยกรรม,BB,ยอ.,CC,00000094,DD,60,)
"INSERT INTO CHK_ORG (ORG_ID,ORG_DESC,ORG_SHORT,PARENT_CODE,ORG_LEVEL) VALUES (",02000561,AA,ส่วนวิศวกรรม,BB,ยอ.,CC,00000094,DD,60,)
"INSERT INTO CHK_ORG (ORG_ID,ORG_DESC,ORG_SHORT,PARENT_CODE,ORG_LEVEL) VALUES (",02000562,AA,ส่วนยานพาหนะ,BB,ยอ.,CC,00000094,DD,60,)
"INSERT INTO CHK_ORG (ORG_ID,ORG_DESC,ORG_SHORT,PARENT_CODE,ORG_LEVEL) VALUES (",02000563,AA,ส่วนซ่อมบำรุงรักษาอุปกรณ์โทรคมนาคมและครุ,BB,ยอ.,CC,00000094,DD,60,)
"INSERT INTO CHK_ORG (ORG_ID,ORG_DESC,ORG_SHORT,PARENT_CODE,ORG_LEVEL) VALUES (",02000564,AA,ส่วนบริการขนส่ง,BB,ยอ.,CC,00000094,DD,60,)
"INSERT INTO CHK_ORG (ORG_ID,ORG_DESC,ORG_SHORT,PARENT_CODE,ORG_LEVEL) VALUES (",02000565,AA,ส่วนบริหารจัดการอาคารบางรัก,BB,สอ.,CC,00000089,DD,60,)
"INSERT INTO CHK_ORG (ORG_ID,ORG_DESC,ORG_SHORT,PARENT_CODE,ORG_LEVEL) VALUES (",02000566,AA,ส่วนบำรุงรักษางานระบบอาคาร  บางรัก,BB,ยอ.,CC,00000094,DD,60,)
"INSERT INTO CHK_ORG (ORG_ID,ORG_DESC,ORG_SHORT,PARENT_CODE,ORG_LEVEL) VALUES (",02000567,AA,ส่วนรักษาความปลอดภัยและภูมิทัศน์ หลักสี่,BB,ศญ.,CC,00000099,DD,60,)
"INSERT INTO CHK_ORG (ORG_ID,ORG_DESC,ORG_SHORT,PARENT_CODE,ORG_LEVEL) VALUES (",02000568,AA,ส่วนบำรุงรักษางานระบบอาคาร  หลักสี่,BB,ยอ.,CC,00000094,DD,60,)
"INSERT INTO CHK_ORG (ORG_ID,ORG_DESC,ORG_SHORT,PARENT_CODE,ORG_LEVEL) VALUES (",02000569,AA,ส่วนรักษาความปลอดภัยและภูมิทัศน์ นนทบุรี,BB,ศญ.,CC,00000099,DD,60,)
"INSERT INTO CHK_ORG (ORG_ID,ORG_DESC,ORG_SHORT,PARENT_CODE,ORG_LEVEL) VALUES (",02000570,AA,ส่วนบำรุงรักษางานระบบอาคาร  นนทบุรี,BB,ยอ.,CC,00000094,DD,60,)
"INSERT INTO CHK_ORG (ORG_ID,ORG_DESC,ORG_SHORT,PARENT_CODE,ORG_LEVEL) VALUES (",02000571,AA,ส่วนชุมสายโทรศัพท์ภายใน,BB,ทข.,CC,50020113,DD,60,)
"INSERT INTO CHK_ORG (ORG_ID,ORG_DESC,ORG_SHORT,PARENT_CODE,ORG_LEVEL) VALUES (",02000572,AA,ส่วนบำรุงรักษางานระบบอาคารในเขตกรุงเทพฯ,BB,ยอ.,CC,00000094,DD,60,)
"INSERT INTO CHK_ORG (ORG_ID,ORG_DESC,ORG_SHORT,PARENT_CODE,ORG_LEVEL) VALUES (",02000573,AA,ส่วนจัดซื้อจัดจ้างและสัญญา,BB,ยอ.,CC,00000094,DD,60,)
"INSERT INTO CHK_ORG (ORG_ID,ORG_DESC,ORG_SHORT,PARENT_CODE,ORG_LEVEL) VALUES (",02000574,AA,ส่วนธุรการรวมพัสดุ ครุภัณฑ์ งบประมาณและก,BB,ธพบ.1,CC,00000015,DD,60,)
"INSERT INTO CHK_ORG (ORG_ID,ORG_DESC,ORG_SHORT,PARENT_CODE,ORG_LEVEL) VALUES (",02000575,AA,ส่วนโครงสร้างองค์กรและอัตรากำลัง,BB,กบ.,CC,00000090,DD,60,)
"INSERT INTO CHK_ORG (ORG_ID,ORG_DESC,ORG_SHORT,PARENT_CODE,ORG_LEVEL) VALUES (",02000576,AA,ส่วนบริหารตัวชี้วัดการปฏิบัติงาน,BB,กบ.,CC,00000090,DD,60,)
"INSERT INTO CHK_ORG (ORG_ID,ORG_DESC,ORG_SHORT,PARENT_CODE,ORG_LEVEL) VALUES (",02000577,AA,ส่วนสรรหาทรัพยากรบุคคล,BB,ปบ.,CC,00000092,DD,60,)
"INSERT INTO CHK_ORG (ORG_ID,ORG_DESC,ORG_SHORT,PARENT_CODE,ORG_LEVEL) VALUES (",02000578,AA,ส่วนโครงสร้างค่าตอบแทน,BB,กบ.,CC,00000090,DD,60,)
"INSERT INTO CHK_ORG (ORG_ID,ORG_DESC,ORG_SHORT,PARENT_CODE,ORG_LEVEL) VALUES (",02000579,AA,ส่วนระเบียบและวินัย,BB,ปบ.,CC,00000092,DD,60,)
"INSERT INTO CHK_ORG (ORG_ID,ORG_DESC,ORG_SHORT,PARENT_CODE,ORG_LEVEL) VALUES (",02000580,AA,ส่วนตรวจสอบสวัสดิการและค่าตอบแทน,BB,ปบ.,CC,00000092,DD,60,)
"INSERT INTO CHK_ORG (ORG_ID,ORG_DESC,ORG_SHORT,PARENT_CODE,ORG_LEVEL) VALUES (",02000581,AA,ส่วนสารสนเทศทรัพยากรบุคคล,BB,ปบ.,CC,00000092,DD,60,)
"INSERT INTO CHK_ORG (ORG_ID,ORG_DESC,ORG_SHORT,PARENT_CODE,ORG_LEVEL) VALUES (",02000582,AA,ส่วนวางแผนพัฒนาบุคลากร,BB,กบ.,CC,00000090,DD,60,)
"INSERT INTO CHK_ORG (ORG_ID,ORG_DESC,ORG_SHORT,PARENT_CODE,ORG_LEVEL) VALUES (",02000583,AA,ส่วนพัฒนาบุคลากรด้านปฏิบัติการ,BB,พบ.,CC,00000091,DD,60,)
"INSERT INTO CHK_ORG (ORG_ID,ORG_DESC,ORG_SHORT,PARENT_CODE,ORG_LEVEL) VALUES (",02000584,AA,ส่วนพัฒนาบุคลากรด้านการขายและการบริการ,BB,พบ.,CC,00000091,DD,60,)
"INSERT INTO CHK_ORG (ORG_ID,ORG_DESC,ORG_SHORT,PARENT_CODE,ORG_LEVEL) VALUES (",02000585,AA,ส่วนพัฒนาบุคลากรด้านบริหาร ด้านภาษาต่างป,BB,พบ.,CC,00000091,DD,60,)
"INSERT INTO CHK_ORG (ORG_ID,ORG_DESC,ORG_SHORT,PARENT_CODE,ORG_LEVEL) VALUES (",02000586,AA,ส่วนศูนย์การเรียนรู้และสื่อบริการ,BB,พบ.,CC,00000091,DD,60,)
"INSERT INTO CHK_ORG (ORG_ID,ORG_DESC,ORG_SHORT,PARENT_CODE,ORG_LEVEL) VALUES (",02000587,AA,ส่วนสนับสนุนการพัฒนาบุคลากร,BB,พบ.,CC,00000091,DD,60,)
"INSERT INTO CHK_ORG (ORG_ID,ORG_DESC,ORG_SHORT,PARENT_CODE,ORG_LEVEL) VALUES (",02000589,AA,ส่วนสินเชื่อสวัสดิการ,BB,ปบ.,CC,00000092,DD,60,)
"INSERT INTO CHK_ORG (ORG_ID,ORG_DESC,ORG_SHORT,PARENT_CODE,ORG_LEVEL) VALUES (",02000590,AA,ส่วนความผูกพันของพนักงาน,BB,กบ.,CC,00000090,DD,60,)
"INSERT INTO CHK_ORG (ORG_ID,ORG_DESC,ORG_SHORT,PARENT_CODE,ORG_LEVEL) VALUES (",02000591,AA,ส่วนปฏิบัติการเงินเดือน/ค่าจ้างและกองทุ,BB,ปบ.,CC,00000092,DD,60,)
"INSERT INTO CHK_ORG (ORG_ID,ORG_DESC,ORG_SHORT,PARENT_CODE,ORG_LEVEL) VALUES (",02000592,AA,ส่วนระเบียบสวัสดิการ,BB,ปบ.,CC,00000092,DD,60,)
"INSERT INTO CHK_ORG (ORG_ID,ORG_DESC,ORG_SHORT,PARENT_CODE,ORG_LEVEL) VALUES (",02000593,AA,ส่วนธุรการรวมพัสดุ ครุภัณฑ์ งบประมาณและก,BB,ธพท.,CC,00000016,DD,60,)
"INSERT INTO CHK_ORG (ORG_ID,ORG_DESC,ORG_SHORT,PARENT_CODE,ORG_LEVEL) VALUES (",02000594,AA,ส่วนการจัดการบริการเทคโนโลยีสารสนเทศ,BB,กท.,CC,00000095,DD,60,)
"INSERT INTO CHK_ORG (ORG_ID,ORG_DESC,ORG_SHORT,PARENT_CODE,ORG_LEVEL) VALUES (",02000595,AA,ส่วนนโยบายและการประยุกต์ใช้เทคโนโลยีสาร,BB,กท.,CC,00000095,DD,60,)
"INSERT INTO CHK_ORG (ORG_ID,ORG_DESC,ORG_SHORT,PARENT_CODE,ORG_LEVEL) VALUES (",02000596,AA,ส่วนโครงสร้างพื้นฐานเทคโนโลยีสารสนเทศ,BB,กท.,CC,00000095,DD,60,)
"INSERT INTO CHK_ORG (ORG_ID,ORG_DESC,ORG_SHORT,PARENT_CODE,ORG_LEVEL) VALUES (",02000597,AA,ส่วนความมั่นคงปลอดภัยเทคโนโลยีสารสนเทศ,BB,กท.,CC,00000095,DD,60,)
"INSERT INTO CHK_ORG (ORG_ID,ORG_DESC,ORG_SHORT,PARENT_CODE,ORG_LEVEL) VALUES (",02000599,AA,ส่วนบริการช่วยเหลือด้านเทคโนโลยีสารสนเทศ,BB,อท.,CC,00000096,DD,60,)
"INSERT INTO CHK_ORG (ORG_ID,ORG_DESC,ORG_SHORT,PARENT_CODE,ORG_LEVEL) VALUES (",02000600,AA,ส่วนบริการด้านระบบบัญชีการเงิน,BB,อท.,CC,00000096,DD,60,)
"INSERT INTO CHK_ORG (ORG_ID,ORG_DESC,ORG_SHORT,PARENT_CODE,ORG_LEVEL) VALUES (",02000601,AA,ส่วนบริการด้านระบบทรัพยากรบุคคล,BB,อท.,CC,00000096,DD,60,)
"INSERT INTO CHK_ORG (ORG_ID,ORG_DESC,ORG_SHORT,PARENT_CODE,ORG_LEVEL) VALUES (",02000602,AA,ส่วนบริการด้านสื่อสารอิเล็กทรอนิกส์,BB,อท.,CC,00000096,DD,60,)
"INSERT INTO CHK_ORG (ORG_ID,ORG_DESC,ORG_SHORT,PARENT_CODE,ORG_LEVEL) VALUES (",02000603,AA,ส่วนบริการด้านระบบสนับสนุนการดำเนินงานใน,BB,อท.,CC,00000096,DD,60,)
"INSERT INTO CHK_ORG (ORG_ID,ORG_DESC,ORG_SHORT,PARENT_CODE,ORG_LEVEL) VALUES (",02000604,AA,ส่วนบริหารความปลอดภัยและระบบคอมพิวเตอร์แ,BB,อท.,CC,00000096,DD,60,)
"INSERT INTO CHK_ORG (ORG_ID,ORG_DESC,ORG_SHORT,PARENT_CODE,ORG_LEVEL) VALUES (",02000609,AA,ส่วนสนับสนุนเทคโนโลยีสารสนเทศทางธุรกิจ,BB,ธท.,CC,00000097,DD,60,)
"INSERT INTO CHK_ORG (ORG_ID,ORG_DESC,ORG_SHORT,PARENT_CODE,ORG_LEVEL) VALUES (",02000610,AA,ส่วนระบบบริการสารสนเทศ,BB,ธท.,CC,00000097,DD,60,)
"INSERT INTO CHK_ORG (ORG_ID,ORG_DESC,ORG_SHORT,PARENT_CODE,ORG_LEVEL) VALUES (",02000611,AA,ส่วนระบบสารสนเทศเพื่อการบริหารและสถิติ,BB,ธท.,CC,00000097,DD,60,)
"INSERT INTO CHK_ORG (ORG_ID,ORG_DESC,ORG_SHORT,PARENT_CODE,ORG_LEVEL) VALUES (",02000612,AA,ส่วนปฏิบัติการข้อมูลสารสนเทศและฝึกอบรม,BB,ธท.,CC,00000097,DD,60,)
"INSERT INTO CHK_ORG (ORG_ID,ORG_DESC,ORG_SHORT,PARENT_CODE,ORG_LEVEL) VALUES (",02000613,AA,ส่วนระบบข้อมูลการใช้บริการ,BB,ธท.,CC,00000097,DD,60,)
"INSERT INTO CHK_ORG (ORG_ID,ORG_DESC,ORG_SHORT,PARENT_CODE,ORG_LEVEL) VALUES (",02000614,AA,ส่วนระบบใบแจ้งค่าใช้บริการ,BB,ธท.,CC,00000097,DD,60,)
"INSERT INTO CHK_ORG (ORG_ID,ORG_DESC,ORG_SHORT,PARENT_CODE,ORG_LEVEL) VALUES (",02000615,AA,ส่วนระบบรับชำระค่าใช้บริการ,BB,ธท.,CC,00000097,DD,60,)
"INSERT INTO CHK_ORG (ORG_ID,ORG_DESC,ORG_SHORT,PARENT_CODE,ORG_LEVEL) VALUES (",02000616,AA,ส่วนระบบส่วนแบ่งค่าบริการโทรคมนาคม,BB,ธท.,CC,00000097,DD,60,)
"INSERT INTO CHK_ORG (ORG_ID,ORG_DESC,ORG_SHORT,PARENT_CODE,ORG_LEVEL) VALUES (",02000617,AA,ส่วนระบบบริหารความสัมพันธ์ลูกค้า,BB,ธท.,CC,00000097,DD,60,)
"INSERT INTO CHK_ORG (ORG_ID,ORG_DESC,ORG_SHORT,PARENT_CODE,ORG_LEVEL) VALUES (",02000618,AA,ส่วนระบบคลังข้อมูลสารสนเทศทางธุรกิจ,BB,ธท.,CC,00000097,DD,60,)
"INSERT INTO CHK_ORG (ORG_ID,ORG_DESC,ORG_SHORT,PARENT_CODE,ORG_LEVEL) VALUES (",02000619,AA,ส่วนสนับสนุนผู้ใช้งาน,BB,ธท.,CC,00000097,DD,60,)
"INSERT INTO CHK_ORG (ORG_ID,ORG_DESC,ORG_SHORT,PARENT_CODE,ORG_LEVEL) VALUES (",02000620,AA,ส่วนควบคุมคุณภาพการประมวลผลข้อมูล,BB,ธท.,CC,00000097,DD,60,)
"INSERT INTO CHK_ORG (ORG_ID,ORG_DESC,ORG_SHORT,PARENT_CODE,ORG_LEVEL) VALUES (",02000621,AA,ส่วนควบคุมข้อมูลผู้ใช้บริการ,BB,ธท.,CC,00000097,DD,60,)
"INSERT INTO CHK_ORG (ORG_ID,ORG_DESC,ORG_SHORT,PARENT_CODE,ORG_LEVEL) VALUES (",02000622,AA,ส่วนตรวจสอบข้อมูลการใช้บริการ,BB,ธท.,CC,00000097,DD,60,)
"INSERT INTO CHK_ORG (ORG_ID,ORG_DESC,ORG_SHORT,PARENT_CODE,ORG_LEVEL) VALUES (",02000623,AA,ส่วนจัดพิมพ์และส่งใบแจ้งค่าใช้บริการ,BB,ธท.,CC,00000097,DD,60,)
"INSERT INTO CHK_ORG (ORG_ID,ORG_DESC,ORG_SHORT,PARENT_CODE,ORG_LEVEL) VALUES (",02000624,AA,ส่วนวิศวกรรมระบบคอมพิวเตอร์นนทบุรี,BB,ธท.,CC,00000097,DD,60,)
"INSERT INTO CHK_ORG (ORG_ID,ORG_DESC,ORG_SHORT,PARENT_CODE,ORG_LEVEL) VALUES (",02000625,AA,ส่วนวิศวกรรมระบบคอมพิวเตอร์บางรักและศูนย,BB,ธท.,CC,00000097,DD,60,)
"INSERT INTO CHK_ORG (ORG_ID,ORG_DESC,ORG_SHORT,PARENT_CODE,ORG_LEVEL) VALUES (",02000675,AA,หน่วยงานขึ้นตรงกรรมการผู้จัดการใหญ่,BB,ศญ,CC,00000002,DD,10,)
"INSERT INTO CHK_ORG (ORG_ID,ORG_DESC,ORG_SHORT,PARENT_CODE,ORG_LEVEL) VALUES (",02000676,AA,หน่วยงานขึ้นตรงคณะกรรมการตรวจสอบ,BB,ตส,CC,00000002,DD,10,)
"INSERT INTO CHK_ORG (ORG_ID,ORG_DESC,ORG_SHORT,PARENT_CODE,ORG_LEVEL) VALUES (",02000750,AA,สำนักงานบริการลูกค้า กสท ปลวกแดง,BB,สข.(อ),CC,00000071,DD,61,)
"INSERT INTO CHK_ORG (ORG_ID,ORG_DESC,ORG_SHORT,PARENT_CODE,ORG_LEVEL) VALUES (",02002300,AA,ส่วนธรรมาภิบาลในองค์กร,BB,กอ.,CC,00000017,DD,60,)
"INSERT INTO CHK_ORG (ORG_ID,ORG_DESC,ORG_SHORT,PARENT_CODE,ORG_LEVEL) VALUES (",02002301,AA,ส่วนบริหารความรับผิดชอบต่อสังคม,BB,ปต.,CC,00000064,DD,60,)
"INSERT INTO CHK_ORG (ORG_ID,ORG_DESC,ORG_SHORT,PARENT_CODE,ORG_LEVEL) VALUES (",50015824,AA,ส่วนบังคับคดี,BB,ดม.,CC,00000033,DD,60,)
"INSERT INTO CHK_ORG (ORG_ID,ORG_DESC,ORG_SHORT,PARENT_CODE,ORG_LEVEL) VALUES (",50015875,AA,ส่วนพัฒนาบริการโทรศัพท์,BB,ทต.,CC,00000046,DD,60,)
"INSERT INTO CHK_ORG (ORG_ID,ORG_DESC,ORG_SHORT,PARENT_CODE,ORG_LEVEL) VALUES (",50015876,AA,ส่วนวางแผนและบริหารโครงข่ายชุมสายโทรศัพท,BB,ทต.,CC,00000046,DD,60,)
"INSERT INTO CHK_ORG (ORG_ID,ORG_DESC,ORG_SHORT,PARENT_CODE,ORG_LEVEL) VALUES (",50017251,AA,ส่วนสนับสนุนโซลูชั่น  2,BB,พต.,CC,50020070,DD,60,)
"INSERT INTO CHK_ORG (ORG_ID,ORG_DESC,ORG_SHORT,PARENT_CODE,ORG_LEVEL) VALUES (",50019956,AA,ส่วนความสัมพันธ์ลูกค้า,BB,ชต.,CC,50020073,DD,60,)
"INSERT INTO CHK_ORG (ORG_ID,ORG_DESC,ORG_SHORT,PARENT_CODE,ORG_LEVEL) VALUES (",50019958,AA,ส่วนสนับสนุนโซลูชั่น 1,BB,ชต.,CC,50020073,DD,60,)
"INSERT INTO CHK_ORG (ORG_ID,ORG_DESC,ORG_SHORT,PARENT_CODE,ORG_LEVEL) VALUES (",50020070,AA,ฝ่ายพัฒนาธุรกิจการตลาดลูกค้าภาครัฐ,BB,พต.,CC,00000027,DD,40,)
"INSERT INTO CHK_ORG (ORG_ID,ORG_DESC,ORG_SHORT,PARENT_CODE,ORG_LEVEL) VALUES (",50020071,AA,ส่วนการขายลูกค้าผู้ประกอบการ 4,BB,กต.,CC,50028900,DD,60,)
"INSERT INTO CHK_ORG (ORG_ID,ORG_DESC,ORG_SHORT,PARENT_CODE,ORG_LEVEL) VALUES (",50020072,AA,ส่วนการขายลูกค้าผู้ประกอบการ 5,BB,กต.,CC,50028900,DD,60,)
"INSERT INTO CHK_ORG (ORG_ID,ORG_DESC,ORG_SHORT,PARENT_CODE,ORG_LEVEL) VALUES (",50020073,AA,ฝ่ายพัฒนาธุรกิจการตลาดลูกค้าภาคเอกชน,BB,ชต.,CC,50020119,DD,40,)
"INSERT INTO CHK_ORG (ORG_ID,ORG_DESC,ORG_SHORT,PARENT_CODE,ORG_LEVEL) VALUES (",50020074,AA,ส่วนสนับสนุนโซลูชั่น  2,BB,ชต.,CC,50020073,DD,60,)
"INSERT INTO CHK_ORG (ORG_ID,ORG_DESC,ORG_SHORT,PARENT_CODE,ORG_LEVEL) VALUES (",50020098,AA,กลุ่มพัฒนาผลิตภัณฑ์,BB,ผต,CC,00000011,DD,20,)
"INSERT INTO CHK_ORG (ORG_ID,ORG_DESC,ORG_SHORT,PARENT_CODE,ORG_LEVEL) VALUES (",50020100,AA,กลุ่มเทคโนโลยีสารสนเทศ,BB,ทท,CC,00000016,DD,20,)
"INSERT INTO CHK_ORG (ORG_ID,ORG_DESC,ORG_SHORT,PARENT_CODE,ORG_LEVEL) VALUES (",50020101,AA,กลุ่มกลยุทธ์องค์กร,BB,กก,CC,00000006,DD,20,)
"INSERT INTO CHK_ORG (ORG_ID,ORG_DESC,ORG_SHORT,PARENT_CODE,ORG_LEVEL) VALUES (",50020103,AA,กลุ่มปฏิบัติการบริการ,BB,กข,CC,00000007,DD,20,)
"INSERT INTO CHK_ORG (ORG_ID,ORG_DESC,ORG_SHORT,PARENT_CODE,ORG_LEVEL) VALUES (",50020104,AA,กลุ่มปฏิบัติการและบริหารโครงข่าย,BB,ปข,CC,00000007,DD,20,)
"INSERT INTO CHK_ORG (ORG_ID,ORG_DESC,ORG_SHORT,PARENT_CODE,ORG_LEVEL) VALUES (",50020106,AA,กลุ่มร่วมการงาน,BB,รม,CC,00000013,DD,20,)
"INSERT INTO CHK_ORG (ORG_ID,ORG_DESC,ORG_SHORT,PARENT_CODE,ORG_LEVEL) VALUES (",50020107,AA,ฝ่ายวางแผนและวิศวกรรม,BB,วข.,CC,00000007,DD,41,)
"INSERT INTO CHK_ORG (ORG_ID,ORG_DESC,ORG_SHORT,PARENT_CODE,ORG_LEVEL) VALUES (",50020108,AA,ฝ่ายพัฒนาผลิตภัณฑ์บรอดแบนด์,BB,บต.,CC,50020098,DD,40,)
"INSERT INTO CHK_ORG (ORG_ID,ORG_DESC,ORG_SHORT,PARENT_CODE,ORG_LEVEL) VALUES (",50020110,AA,ฝ่ายพัฒนาผลิตภัณฑ์สื่อสารข้อมูล,BB,มต.,CC,50020098,DD,40,)
"INSERT INTO CHK_ORG (ORG_ID,ORG_DESC,ORG_SHORT,PARENT_CODE,ORG_LEVEL) VALUES (",50020111,AA,ฝ่ายพัฒนาผลิตภัณฑ์ธุรกิจอิเล็กทรอนิกส์,BB,นต.,CC,50020098,DD,40,)
"INSERT INTO CHK_ORG (ORG_ID,ORG_DESC,ORG_SHORT,PARENT_CODE,ORG_LEVEL) VALUES (",50020112,AA,ฝ่ายพัฒนาผลิตภัณฑ์ความปลอดภัยเทคโนโลยีสา,BB,ผต.,CC,50020098,DD,40,)
"INSERT INTO CHK_ORG (ORG_ID,ORG_DESC,ORG_SHORT,PARENT_CODE,ORG_LEVEL) VALUES (",50020113,AA,ฝ่ายชุมสายโทรศัพท์,BB,ทข.,CC,50020103,DD,40,)
"INSERT INTO CHK_ORG (ORG_ID,ORG_DESC,ORG_SHORT,PARENT_CODE,ORG_LEVEL) VALUES (",50020114,AA,ฝ่ายสื่อสารข้อมูล,BB,มข.,CC,50020103,DD,40,)
"INSERT INTO CHK_ORG (ORG_ID,ORG_DESC,ORG_SHORT,PARENT_CODE,ORG_LEVEL) VALUES (",50020119,AA,กลุ่มบริการลูกค้าขายส่งและเอกชน,BB,ขต,CC,00000011,DD,20,)
"INSERT INTO CHK_ORG (ORG_ID,ORG_DESC,ORG_SHORT,PARENT_CODE,ORG_LEVEL) VALUES (",50020120,AA,กลุ่มบริการลูกค้ารายย่อย,BB,ยต,CC,00000011,DD,20,)
"INSERT INTO CHK_ORG (ORG_ID,ORG_DESC,ORG_SHORT,PARENT_CODE,ORG_LEVEL) VALUES (",50020121,AA,กลุ่มสำนักงานบริการ,BB,สข,CC,00000007,DD,20,)
"INSERT INTO CHK_ORG (ORG_ID,ORG_DESC,ORG_SHORT,PARENT_CODE,ORG_LEVEL) VALUES (",50020125,AA,ส่วนจัดหาเพื่อธุรกิจโครงข่ายและการตลาด 2,BB,พอ.,CC,00000093,DD,60,)
"INSERT INTO CHK_ORG (ORG_ID,ORG_DESC,ORG_SHORT,PARENT_CODE,ORG_LEVEL) VALUES (",50020130,AA,ส่วนวิศวกรรมบรอดแบนด์,BB,วข.,CC,50020107,DD,60,)
"INSERT INTO CHK_ORG (ORG_ID,ORG_DESC,ORG_SHORT,PARENT_CODE,ORG_LEVEL) VALUES (",50020132,AA,ส่วนบริหารและปฏิบัติการธุรกิจวิทยุคมนาคม,BB,ปร.,CC,00000057,DD,60,)
"INSERT INTO CHK_ORG (ORG_ID,ORG_DESC,ORG_SHORT,PARENT_CODE,ORG_LEVEL) VALUES (",50020133,AA,ส่วนบริหารและคุ้มครองบริการ,BB,วข.,CC,50020107,DD,60,)
"INSERT INTO CHK_ORG (ORG_ID,ORG_DESC,ORG_SHORT,PARENT_CODE,ORG_LEVEL) VALUES (",50020138,AA,ส่วนบริหารคุณภาพบริการ,BB,พก.,CC,00000037,DD,60,)
"INSERT INTO CHK_ORG (ORG_ID,ORG_DESC,ORG_SHORT,PARENT_CODE,ORG_LEVEL) VALUES (",50020141,AA,ฝ่ายเทคโนโลยีศูนย์ข้อมูล,BB,ศต.,CC,50020098,DD,41,)
"INSERT INTO CHK_ORG (ORG_ID,ORG_DESC,ORG_SHORT,PARENT_CODE,ORG_LEVEL) VALUES (",50020142,AA,ส่วนสนับสนุนการตลาด,BB,ศต.,CC,50020141,DD,60,)
"INSERT INTO CHK_ORG (ORG_ID,ORG_DESC,ORG_SHORT,PARENT_CODE,ORG_LEVEL) VALUES (",50020143,AA,ส่วนวางแผนด้านเทคนิค,BB,ศต.,CC,50020141,DD,60,)
"INSERT INTO CHK_ORG (ORG_ID,ORG_DESC,ORG_SHORT,PARENT_CODE,ORG_LEVEL) VALUES (",50020144,AA,ส่วนปฏิบัติการศูนย์ข้อมูล นนทบุรี,BB,ศต.,CC,50020141,DD,60,)
"INSERT INTO CHK_ORG (ORG_ID,ORG_DESC,ORG_SHORT,PARENT_CODE,ORG_LEVEL) VALUES (",50020145,AA,ส่วนบริการด้านเครือข่ายคอมพิวเตอร์,BB,อท.,CC,00000096,DD,60,)
"INSERT INTO CHK_ORG (ORG_ID,ORG_DESC,ORG_SHORT,PARENT_CODE,ORG_LEVEL) VALUES (",50020146,AA,ส่วนบริหารสินทรัพย์และให้บริการอุปกรณ์คอ,BB,อท.,CC,00000096,DD,60,)
"INSERT INTO CHK_ORG (ORG_ID,ORG_DESC,ORG_SHORT,PARENT_CODE,ORG_LEVEL) VALUES (",50020147,AA,ส่วนวิเคราะห์และพัฒนาระบบงาน,BB,อท.,CC,00000096,DD,60,)
"INSERT INTO CHK_ORG (ORG_ID,ORG_DESC,ORG_SHORT,PARENT_CODE,ORG_LEVEL) VALUES (",50020148,AA,ส่วนตรวจสอบรายได้,BB,ชง.,CC,00000084,DD,60,)
"INSERT INTO CHK_ORG (ORG_ID,ORG_DESC,ORG_SHORT,PARENT_CODE,ORG_LEVEL) VALUES (",50020150,AA,ส่วนสนับสนุนโซลูชั่น  3,BB,ชต.,CC,50020073,DD,60,)
"INSERT INTO CHK_ORG (ORG_ID,ORG_DESC,ORG_SHORT,PARENT_CODE,ORG_LEVEL) VALUES (",50020175,AA,ส่วนวิชาการและให้คำปรึกษาภาษี,BB,ชง.,CC,00000084,DD,60,)
"INSERT INTO CHK_ORG (ORG_ID,ORG_DESC,ORG_SHORT,PARENT_CODE,ORG_LEVEL) VALUES (",50020176,AA,ส่วนสินทรัพย์และอำนวยการโทรศัพท์,BB,ทข.,CC,50020113,DD,60,)
"INSERT INTO CHK_ORG (ORG_ID,ORG_DESC,ORG_SHORT,PARENT_CODE,ORG_LEVEL) VALUES (",50020177,AA,ส่วนปฏิบัติการและวางแผนโครงข่ายสื่อสารข้,BB,มข.,CC,50020114,DD,60,)
"INSERT INTO CHK_ORG (ORG_ID,ORG_DESC,ORG_SHORT,PARENT_CODE,ORG_LEVEL) VALUES (",50020178,AA,ส่วนเทคนิคโครงข่าย,BB,บข.,CC,00000048,DD,60,)
"INSERT INTO CHK_ORG (ORG_ID,ORG_DESC,ORG_SHORT,PARENT_CODE,ORG_LEVEL) VALUES (",50020179,AA,ส่วนประสานงานและปฏิบัติการเพื่อให้บริการ,BB,บข.,CC,00000048,DD,60,)
"INSERT INTO CHK_ORG (ORG_ID,ORG_DESC,ORG_SHORT,PARENT_CODE,ORG_LEVEL) VALUES (",50020180,AA,ส่วนบริหารและพัฒนาแบบต้นทุนโทรคมนาคม,BB,บง.,CC,00000085,DD,60,)
"INSERT INTO CHK_ORG (ORG_ID,ORG_DESC,ORG_SHORT,PARENT_CODE,ORG_LEVEL) VALUES (",50020181,AA,ส่วนสื่อสัญญาณและบริหารสินทรัพย์โครงข่าย,BB,คข.,CC,00000039,DD,60,)
"INSERT INTO CHK_ORG (ORG_ID,ORG_DESC,ORG_SHORT,PARENT_CODE,ORG_LEVEL) VALUES (",50028825,AA,กลุ่มกฎหมาย,BB,กม,CC,00000013,DD,20,)
"INSERT INTO CHK_ORG (ORG_ID,ORG_DESC,ORG_SHORT,PARENT_CODE,ORG_LEVEL) VALUES (",50028900,AA,ฝ่ายขายผู้ประกอบการ,BB,กต.,CC,50020119,DD,40,)
"INSERT INTO CHK_ORG (ORG_ID,ORG_DESC,ORG_SHORT,PARENT_CODE,ORG_LEVEL) VALUES (",50030375,AA,ส่วนมาตรฐานความปลอดภัยเทคโนโลยีสารสนเทศ,BB,ผต.,CC,50020112,DD,60,)
"INSERT INTO CHK_ORG (ORG_ID,ORG_DESC,ORG_SHORT,PARENT_CODE,ORG_LEVEL) VALUES (",50030450,AA,ส่วนการขายธุรกิจ Broadcast,BB,อต.,CC,00000061,DD,60,)
